{
  "criteria": {
    "killed_dragon": {
      "conditions": {
        "entity": [
          {
            "condition": "minecraft:entity_properties",
            "entity": "this",
            "predicate": {
              "type": "minecraft:ender_dragon"
            }
          }
        ]
      },
      "trigger": "minecraft:player_killed_entity"
    }
  },
  "requirements": [
    [
      "killed_dragon"
    ]
  ],
  "rewards": {
    "function": "kiwi2:end_island/setblock_portal"
  },
  "sends_telemetry_event": true
}