{
  "criteria": {
    "trigger": {
      "trigger": "minecraft:player_interacted_with_entity",
      "conditions": {
        "player": [
          {
            "condition": "minecraft:entity_scores",
            "entity": "this",
            "scores": {
              "limitbreak_chosen_class": 8
            }
          }
        ],
        "entity": {
          "type": "minecraft:interaction",
          "nbt": "{Tags:[\"hollow_husk_interaction\"]}"
        }
      }
    }
  },
  "rewards": {
    "function": "kiwi2:upgrades/classes/necromancer/summons/hollow_husk/hollow_husk_right_click"
  }
}