{
  "type": "minecraft:entity",
  "pools": [
    {
      "rolls": 1,
      "entries": [
        {
          "type": "minecraft:item",
          "name": "minecraft:glowstone_dust",
          "weight": 10,
          "functions": [
            {
              "function": "minecraft:set_name",
              "name": {
                "text": "Point Dust",
                "bold": true,
                "color": "#ffd67d",
                "italic": false
              }
            },
            {
              "function": "minecraft:set_components",
              "components": {
                "minecraft:consumable": {
                  "consume_seconds": 0,
                  "sound": "minecraft:block.trial_spawner.spawn_item_begin",
                  "has_consume_particles": true
                },
                "rarity": "uncommon",
                "minecraft:damage_resistant": {
                  "types": "#minecraft:is_fire"
                }
              }
            }
          ]
        }
      ]
    },
    {
      "rolls": 1,
      "entries": [
        {
          "type": "minecraft:item",
          "name": "minecraft:glowstone_dust",
          "weight": 1,
          "functions": [
            {
              "function": "minecraft:set_name",
              "name": {
                "text": "Point Dust",
                "bold": true,
                "color": "#ffd67d",
                "italic": false
              }
            },
            {
              "function": "minecraft:set_components",
              "components": {
                "minecraft:consumable": {
                  "consume_seconds": 0,
                  "sound": "minecraft:block.trial_spawner.spawn_item_begin",
                  "has_consume_particles": true
                },
                "rarity": "uncommon",
                "minecraft:damage_resistant": {
                  "types": "#minecraft:is_fire"
                }
              }
            }
          ]
        }
      ]
    },
    {
      "rolls": 1,
      "entries": [
        {
          "type": "minecraft:item",
          "name": "minecraft:glowstone_dust",
          "weight": 1,
          "functions": [
            {
              "function": "minecraft:set_name",
              "name": {
                "text": "Point Dust",
                "bold": true,
                "color": "#ffd67d",
                "italic": false
              }
            },
            {
              "function": "minecraft:set_components",
              "components": {
                "minecraft:consumable": {
                  "consume_seconds": 0,
                  "sound": "minecraft:block.trial_spawner.spawn_item_begin",
                  "has_consume_particles": true
                },
                "rarity": "uncommon",
                "minecraft:damage_resistant": {
                  "types": "#minecraft:is_fire"
                }
              }
            }
          ]
        },
        {
          "type": "minecraft:empty",
          "weight": 3
        }
      ]
    },
    {
      "rolls": 1,
      "entries": [
        {
          "type": "minecraft:item",
          "name": "minecraft:glowstone_dust",
          "weight": 1,
          "functions": [
            {
              "function": "minecraft:set_name",
              "name": {
                "text": "Point Dust",
                "bold": true,
                "color": "#ffd67d",
                "italic": false
              }
            },
            {
              "function": "minecraft:set_components",
              "components": {
                "minecraft:consumable": {
                  "consume_seconds": 0,
                  "animation": "eat",
                  "sound": "minecraft:block.trial_spawner.spawn_item_begin",
                  "has_consume_particles": true
                },
                "rarity": "uncommon",
                "minecraft:damage_resistant": {
                  "types": "#minecraft:is_fire"
                }
              }
            }
          ]
        },
        {
          "type": "minecraft:empty",
          "weight": 5
        }
      ]
    },
    {
      "rolls": 4,
      "entries": [
        {
          "type": "minecraft:item",
          "name": "minecraft:amethyst_shard",
          "weight": 1,
          "functions": [
            {
              "function": "minecraft:set_components",
              "components": {
                "minecraft:custom_name": "[{\"bold\":true,\"color\":\"#A643BF\",\"italic\":false,\"text\":\"O\"},{\"color\":\"#B642CC\",\"text\":\"r\"},{\"color\":\"#C640DA\",\"text\":\"g\"},{\"color\":\"#D63FE7\",\"text\":\"a\"},{\"color\":\"#E63EF5\",\"text\":\"n\"},{\"color\":\"#F13DFC\",\"text\":\"i\"},{\"color\":\"#EB3CF0\",\"text\":\"c \"},{\"color\":\"#E53BE4\",\"text\":\"C\"},{\"color\":\"#DF3AD8\",\"text\":\"r\"},{\"color\":\"#D939CC\",\"text\":\"y\"},{\"color\":\"#D43AC4\",\"text\":\"s\"},{\"color\":\"#D13FC1\",\"text\":\"t\"},{\"color\":\"#CE44BE\",\"text\":\"a\"},{\"color\":\"#CB48BB\",\"text\":\"l \"},{\"color\":\"#C84DB8\",\"text\":\"S\"},{\"color\":\"#D052C2\",\"text\":\"h\"},{\"color\":\"#DC58D2\",\"text\":\"a\"},{\"color\":\"#E75EE1\",\"text\":\"r\"},{\"color\":\"#FF69FF\",\"text\":\"d\"}]",
                "minecraft:custom_data": "{organic_crystal_shard:1b}",
                "minecraft:lore": [
                  "{\"color\":\"gray\",\"italic\":false,\"text\":\"A very resilient and unique material dropped from a Crystallized Corpse.\"}",
                  "{\"color\":\"gray\",\"italic\":false,\"text\":\"It glows vibrantly in your hands, scattering light around it.\"}"
                ],
                "minecraft:enchantment_glint_override": true
              }
            }
          ]
        },
        {
          "type": "minecraft:empty",
          "weight": 1
        }
      ]
    }
  ]
}