{
  "type": "minecraft:selector",
  "pools": [
    {
      "rolls": 1,
      "entries": [
        {
          "type": "minecraft:item",
          "name": "minecraft:bone",
          "functions": [
            {
              "function": "minecraft:set_components",
              "components": {
                "minecraft:custom_name": "{\"italic\":false,\"text\":\"[ Death Knight Skull ]\"}",
                "minecraft:lore": [
                    "{\"color\":\"gray\",\"italic\":false,\"text\":\"[\",\"extra\":[{\"color\":\"dark_green\",\"bold\":false,\"italic\":false,\"keybind\":\"key.use\"},{\"color\":\"gray\",\"italic\":false,\"text\":\"] to reanimate the Death Knight to the undeath.\"}]}",
                    "\"\"",
                    "{\"color\":\"gray\",\"italic\":false,\"text\":\"A large skull dropped from a defeated Death Knight.\"}",
                    "{\"color\":\"gray\",\"italic\":false,\"text\":\"Reanimating it requires considerable energy and additional \",\"extra\":[{\"bold\":false,\"color\":\"#64b0c1\",\"italic\":false,\"text\":\"ᛟ Summon Capacity.\"}]}",
                    "\"\"",
                    "{\"color\":\"gray\",\"italic\":false,\"text\":\"Soul Cost: \",\"extra\":[{\"bold\":false,\"color\":\"#64b0c1\",\"italic\":false,\"text\":\"120 ᛇ Souls\"}]}",
                    "{\"color\":\"gray\",\"italic\":false,\"text\":\"Capacity Reserve: \",\"extra\":[{\"bold\":false,\"color\":\"#64b0c1\",\"italic\":false,\"text\":\"1 + (2) ᛟ Summon Capacity\"}]}",
                    "\"\"",
                    "{\"color\":\"red\",\"italic\":false,\"text\":\"Existing weapons and armors will not be carried over.\"}",
                    "{\"color\":\"red\",\"italic\":false,\"text\":\"Requires: \",\"extra\":[{\"bold\":true,\"color\":\"#a49f82\",\"italic\":false,\"text\":\"[NECROMANCER]\"},{\"color\":\"red\",\"italic\":false,\"text\":\" Class\"}]}"
                ],
                "minecraft:rarity": "epic",
                "minecraft:enchantment_glint_override": true,
                "minecraft:custom_data": "{necromancer_death_knight_skull:1b,necromancer_summon_item:1b}",
                "minecraft:consumable": {
                    "consume_seconds": 0,
                    "animation": "none",
                    "sound": "minecraft:block.trial_spawner.spawn_item_begin",
                    "has_consume_particles": false
                },
                "item_model": "wither_skeleton_skull"
              }
            }
          ]
        }
      ]
    }
  ]
}