{
  "type": "minecraft:entity",
  "pools": [
    {
      "rolls": 1,
      "entries": [
        {
          "type": "minecraft:item",
          "name": "minecraft:resin_brick",
          "functions": [
            {
              "function": "minecraft:set_name",
              "name": {
                "text": "Point Clump",
                "bold": true,
                "color": "#ffc13a",
                "italic": false
              }
            },
            {
              "function": "minecraft:set_components",
              "components": {
                "minecraft:consumable": {
                  "consume_seconds": 1,
                  "sound": "minecraft:block.trial_spawner.spawn_mob",
                  "has_consume_particles": true
                },
                "rarity": "rare",
                "minecraft:damage_resistant": {
                  "types": "#minecraft:is_fire"
                }
              }
            }
          ]
        }
      ]
    },
    {
      "rolls": 1,
      "entries": [
        {
          "type": "minecraft:item",
          "name": "minecraft:glowstone_dust",
          "weight": 1,
          "functions": [
            {
              "function": "minecraft:set_name",
              "name": {
                "text": "Point Dust",
                "bold": true,
                "color": "#ffd67d",
                "italic": false
              }
            },
            {
              "function": "minecraft:set_components",
              "components": {
                "minecraft:consumable": {
                  "consume_seconds": 0,
                  "sound": "minecraft:block.trial_spawner.spawn_item_begin",
                  "has_consume_particles": true
                },
                "rarity": "uncommon",
                "minecraft:damage_resistant": {
                  "types": "#minecraft:is_fire"
                }
              }
            }
          ]
        },
        {
          "type": "minecraft:empty",
          "weight": 2
        }
      ]
    },
    {
      "rolls": 1,
      "entries": [
        {
          "type": "minecraft:item",
          "name": "minecraft:glowstone_dust",
          "weight": 1,
          "functions": [
            {
              "function": "minecraft:set_name",
              "name": {
                "text": "Point Dust",
                "bold": true,
                "color": "#ffd67d",
                "italic": false
              }
            },
            {
              "function": "minecraft:set_components",
              "components": {
                "minecraft:consumable": {
                  "consume_seconds": 0,
                  "sound": "minecraft:block.trial_spawner.spawn_item_begin",
                  "has_consume_particles": true
                },
                "rarity": "uncommon",
                "minecraft:damage_resistant": {
                  "types": "#minecraft:is_fire"
                }
              }
            }
          ]
        },
        {
          "type": "minecraft:empty",
          "weight": 2
        }
      ]
    },
    {
      "rolls": 1,
      "entries": [
        {
          "type": "minecraft:item",
          "name": "minecraft:glowstone_dust",
          "weight": 1,
          "functions": [
            {
              "function": "minecraft:set_name",
              "name": {
                "text": "Point Dust",
                "bold": true,
                "color": "#ffd67d",
                "italic": false
              }
            },
            {
              "function": "minecraft:set_components",
              "components": {
                "minecraft:consumable": {
                  "consume_seconds": 0,
                  "sound": "minecraft:block.trial_spawner.spawn_item_begin",
                  "has_consume_particles": true
                },
                "rarity": "uncommon",
                "minecraft:damage_resistant": {
                  "types": "#minecraft:is_fire"
                }
              }
            }
          ]
        },
        {
          "type": "minecraft:empty",
          "weight": 3
        }
      ]
    },
    {
      "rolls": 1,
      "entries": [
        {
          "type": "minecraft:item",
          "name": "minecraft:glowstone_dust",
          "weight": 1,
          "functions": [
            {
              "function": "minecraft:set_name",
              "name": {
                "text": "Point Dust",
                "bold": true,
                "color": "#ffd67d",
                "italic": false
              }
            },
            {
              "function": "minecraft:set_components",
              "components": {
                "minecraft:consumable": {
                  "consume_seconds": 0,
                  "sound": "minecraft:block.trial_spawner.spawn_item_begin",
                  "has_consume_particles": true
                },
                "rarity": "uncommon",
                "minecraft:damage_resistant": {
                  "types": "#minecraft:is_fire"
                }
              }
            }
          ]
        },
        {
          "type": "minecraft:empty",
          "weight": 3
        }
      ]
    },
    {
      "rolls": 1,
      "entries": [
        {
          "type": "minecraft:item",
          "name": "minecraft:glowstone_dust",
          "weight": 1,
          "functions": [
            {
              "function": "minecraft:set_name",
              "name": {
                "text": "Point Dust",
                "bold": true,
                "color": "#ffd67d",
                "italic": false
              }
            },
            {
              "function": "minecraft:set_components",
              "components": {
                "minecraft:consumable": {
                  "consume_seconds": 0,
                  "sound": "minecraft:block.trial_spawner.spawn_item_begin",
                  "has_consume_particles": true
                },
                "rarity": "uncommon",
                "minecraft:damage_resistant": {
                  "types": "#minecraft:is_fire"
                }
              }
            }
          ]
        },
        {
          "type": "minecraft:empty",
          "weight": 3
        }
      ]
    },
    {
      "rolls": 2,
      "entries": [
        {
          "type": "minecraft:item",
          "name": "minecraft:prismarine_shard",
          "weight": 1,
          "functions": [
            {
              "function": "minecraft:set_components",
              "components": {
                "minecraft:custom_data": "{broodmother_fang:1b}",
                "minecraft:custom_name": "[{\"bold\":true,\"color\":\"#435C66\",\"italic\":false,\"text\":\"M\"},{\"color\":\"#47656F\",\"text\":\"a\"},{\"color\":\"#4A6D77\",\"text\":\"t\"},{\"color\":\"#4E7680\",\"text\":\"r\"},{\"color\":\"#527F88\",\"text\":\"i\"},{\"color\":\"#558791\",\"text\":\"a\"},{\"color\":\"#599099\",\"text\":\"r\"},{\"color\":\"#588B94\",\"text\":\"c\"},{\"color\":\"#547F88\",\"text\":\"h \"},{\"color\":\"#51737C\",\"text\":\"S\"},{\"color\":\"#4D686F\",\"text\":\"p\"},{\"color\":\"#4A5C63\",\"text\":\"i\"},{\"color\":\"#465057\",\"text\":\"d\"},{\"color\":\"#474D55\",\"text\":\"e\"},{\"color\":\"#4F5D67\",\"text\":\"r \"},{\"color\":\"#586D78\",\"text\":\"F\"},{\"color\":\"#607D8A\",\"text\":\"a\"},{\"color\":\"#698D9C\",\"text\":\"n\"},{\"color\":\"#7AADBF\",\"text\":\"g\"}]",
                "minecraft:lore": [
                  "[{\"color\":\"gray\",\"italic\":false,\"text\":\"A massive fang from a \"},{\"bold\":true,\"color\":\"#80b7bc\",\"text\":\"Matriarch Spider\"},\", maybe it could be of use...\"]"
                ]
              }
            }
          ]
        },
        {
          "type": "minecraft:empty",
          "weight": 8
        }
      ]
    }
  ]
}