{
  "type": "minecraft:entity",
  "pools": [
    {
      "rolls": 1,
      "entries": [
        {
          "type": "minecraft:item",
          "name": "minecraft:resin_brick",
          "functions": [
            {
              "function": "minecraft:set_name",
              "name": {
                "text": "Point Clump",
                "bold": true,
                "color": "#ffc13a",
                "italic": false
              }
            },
            {
              "function": "minecraft:set_components",
              "components": {
                "minecraft:consumable": {
                  "consume_seconds": 1,
                  "sound": "minecraft:block.trial_spawner.spawn_mob",
                  "has_consume_particles": true
                },
                "rarity": "rare",
                "minecraft:damage_resistant": {
                  "types": "#minecraft:is_fire"
                }
              }
            }
          ]
        }
      ]
    },
    {
      "rolls": 1,
      "entries": [
        {
          "type": "minecraft:item",
          "name": "minecraft:resin_brick",
          "functions": [
            {
              "function": "minecraft:set_name",
              "name": {
                "text": "Point Clump",
                "bold": true,
                "color": "#ffc13a",
                "italic": false
              }
            },
            {
              "function": "minecraft:set_components",
              "components": {
                "minecraft:consumable": {
                  "consume_seconds": 1,
                  "sound": "minecraft:block.trial_spawner.spawn_mob",
                  "has_consume_particles": true
                },
                "rarity": "rare",
                "minecraft:damage_resistant": {
                  "types": "#minecraft:is_fire"
                }
              }
            }
          ]
        }
      ]
    },
    {
      "rolls": 1,
      "entries": [
        {
          "type": "minecraft:item",
          "name": "minecraft:glowstone_dust",
          "weight": 1,
          "functions": [
            {
              "function": "minecraft:set_name",
              "name": {
                "text": "Point Dust",
                "bold": true,
                "color": "#ffd67d",
                "italic": false
              }
            },
            {
              "function": "minecraft:set_components",
              "components": {
                "minecraft:consumable": {
                  "consume_seconds": 0,
                  "animation": "eat",
                  "sound": "minecraft:block.trial_spawner.spawn_item_begin",
                  "has_consume_particles": true
                },
                "rarity": "uncommon",
                "minecraft:damage_resistant": {
                  "types": "#minecraft:is_fire"
                }
              }
            }
          ]
        },
        {
          "type": "minecraft:empty",
          "weight": 5
        }
      ]
    },
    {
      "rolls": 1,
      "entries": [
        {
          "type": "minecraft:item",
          "name": "minecraft:glowstone_dust",
          "weight": 1,
          "functions": [
            {
              "function": "minecraft:set_name",
              "name": {
                "text": "Point Dust",
                "bold": true,
                "color": "#ffd67d",
                "italic": false
              }
            },
            {
              "function": "minecraft:set_components",
              "components": {
                "minecraft:consumable": {
                  "consume_seconds": 0,
                  "animation": "eat",
                  "sound": "minecraft:block.trial_spawner.spawn_item_begin",
                  "has_consume_particles": true
                },
                "rarity": "uncommon",
                "minecraft:damage_resistant": {
                  "types": "#minecraft:is_fire"
                }
              }
            }
          ]
        },
        {
          "type": "minecraft:empty",
          "weight": 5
        }
      ]
    },
    {
      "rolls": 1,
      "entries": [
        {
          "type": "minecraft:item",
          "name": "minecraft:glowstone_dust",
          "weight": 1,
          "functions": [
            {
              "function": "minecraft:set_name",
              "name": {
                "text": "Point Dust",
                "bold": true,
                "color": "#ffd67d",
                "italic": false
              }
            },
            {
              "function": "minecraft:set_components",
              "components": {
                "minecraft:consumable": {
                  "consume_seconds": 0,
                  "animation": "eat",
                  "sound": "minecraft:block.trial_spawner.spawn_item_begin",
                  "has_consume_particles": true
                },
                "rarity": "uncommon",
                "minecraft:damage_resistant": {
                  "types": "#minecraft:is_fire"
                }
              }
            }
          ]
        },
        {
          "type": "minecraft:empty",
          "weight": 5
        }
      ]
    },
    {
      "rolls": 1,
      "entries": [
        {
          "type": "minecraft:item",
          "name": "minecraft:glowstone_dust",
          "weight": 1,
          "functions": [
            {
              "function": "minecraft:set_name",
              "name": {
                "text": "Point Dust",
                "bold": true,
                "color": "#ffd67d",
                "italic": false
              }
            },
            {
              "function": "minecraft:set_components",
              "components": {
                "minecraft:consumable": {
                  "consume_seconds": 0,
                  "animation": "eat",
                  "sound": "minecraft:block.trial_spawner.spawn_item_begin",
                  "has_consume_particles": true
                },
                "rarity": "uncommon",
                "minecraft:damage_resistant": {
                  "types": "#minecraft:is_fire"
                }
              }
            }
          ]
        },
        {
          "type": "minecraft:empty",
          "weight": 5
        }
      ]
    },
    {
      "rolls": 1,
      "entries": [
        {
          "type": "minecraft:item",
          "name": "minecraft:glowstone_dust",
          "weight": 1,
          "functions": [
            {
              "function": "minecraft:set_name",
              "name": {
                "text": "Point Dust",
                "bold": true,
                "color": "#ffd67d",
                "italic": false
              }
            },
            {
              "function": "minecraft:set_components",
              "components": {
                "minecraft:consumable": {
                  "consume_seconds": 0,
                  "animation": "eat",
                  "sound": "minecraft:block.trial_spawner.spawn_item_begin",
                  "has_consume_particles": true
                },
                "rarity": "uncommon",
                "minecraft:damage_resistant": {
                  "types": "#minecraft:is_fire"
                }
              }
            }
          ]
        },
        {
          "type": "minecraft:empty",
          "weight": 5
        }
      ]
    },
    {
      "rolls": 5,
      "entries": [
        {
          "type": "minecraft:item",
          "name": "minecraft:echo_shard",
          "weight": 100,
          "functions": [
            {
              "function": "minecraft:set_components",
              "components": {
                "minecraft:custom_data": "{phantom_bone:1b}",
                "minecraft:custom_name": "[{\"bold\":true,\"color\":\"#5625B8\",\"italic\":false,\"text\":\"P\"},{\"color\":\"#4929B4\",\"text\":\"h\"},{\"color\":\"#3B2EB0\",\"text\":\"a\"},{\"color\":\"#3134AE\",\"text\":\"n\"},{\"color\":\"#303FB3\",\"text\":\"t\"},{\"color\":\"#2F4AB8\",\"text\":\"o\"},{\"color\":\"#354BB5\",\"text\":\"m \"},{\"color\":\"#4044AB\",\"text\":\"B\"},{\"color\":\"#4B3CA1\",\"text\":\"o\"},{\"color\":\"#4A3B9F\",\"text\":\"n\"},{\"color\":\"#3F3FA1\",\"text\":\"e\"}]",
                "minecraft:lore": [
                  "{\"color\":\"gray\",\"italic\":false,\"text\":\"A bone salvaged from the bodies of particularly massive phantoms.\"}"
                ]
              }
            }
          ]
        },
        {
          "type": "minecraft:item",
          "name": "minecraft:echo_shard",
          "weight": 1,
          "functions": [
            {
              "function": "minecraft:set_components",
              "components": {
                "minecraft:custom_data": "{phantom_broodmother_vertebrae:1b}",
                "minecraft:custom_name": "[{\"bold\":true,\"color\":\"#5625B8\",\"italic\":false,\"text\":\"P\"},{\"color\":\"#692CAA\",\"text\":\"h\"},{\"color\":\"#7B349B\",\"text\":\"a\"},{\"color\":\"#8E3B8D\",\"text\":\"n\"},{\"color\":\"#A1437F\",\"text\":\"t\"},{\"color\":\"#B34A70\",\"text\":\"o\"},{\"color\":\"#C65162\",\"text\":\"m \"},{\"color\":\"#CE575B\",\"text\":\"B\"},{\"color\":\"#B55669\",\"text\":\"r\"},{\"color\":\"#9D5478\",\"text\":\"o\"},{\"color\":\"#855387\",\"text\":\"o\"},{\"color\":\"#6C5295\",\"text\":\"d\"},{\"color\":\"#5451A4\",\"text\":\"m\"},{\"color\":\"#3B50B3\",\"text\":\"o\"},{\"color\":\"#364DAF\",\"text\":\"t\"},{\"color\":\"#454A9A\",\"text\":\"h\"},{\"color\":\"#534684\",\"text\":\"e\"},{\"color\":\"#62436F\",\"text\":\"r \"},{\"color\":\"#703F59\",\"text\":\"V\"},{\"color\":\"#7F3B44\",\"text\":\"e\"},{\"color\":\"#8D382E\",\"text\":\"r\"},{\"color\":\"#883836\",\"text\":\"t\"},{\"color\":\"#7C3948\",\"text\":\"e\"},{\"color\":\"#703A5A\",\"text\":\"b\"},{\"color\":\"#633B6C\",\"text\":\"r\"},{\"color\":\"#573D7D\",\"text\":\"a\"},{\"color\":\"#3F3FA1\",\"text\":\"e\"}]",
                "minecraft:lore": [
                  "{\"color\":\"gray\",\"italic\":false,\"text\":\"The vertebrae of a Phantom Broodmother. Tough, sturdy, and solid.\"}"
                ],
                "minecraft:enchantment_glint_override": true
              }
            }
          ]
        },
        {
          "type": "minecraft:empty",
          "weight": 150
        }
      ]
    }
  ]
}