{
  "type": "minecraft:entity",
  "pools": [
    {
      "rolls": 1,
      "entries": [
        {
          "type": "minecraft:item",
          "name": "minecraft:glowstone_dust",
          "functions": [
            {
              "function": "minecraft:set_name",
              "name": {
                "text": "Point Dust",
                "bold": true,
                "color": "#ffd67d",
                "italic": false
              }
            },
            {
              "function": "minecraft:set_components",
              "components": {
                "minecraft:consumable": {
                  "consume_seconds": 0,
                  "sound": "minecraft:block.trial_spawner.spawn_item_begin",
                  "has_consume_particles": true
                },
                "rarity": "uncommon",
                "minecraft:damage_resistant": {
                  "types": "#minecraft:is_fire"
                }
              }
            }
          ]
        }
      ]
    }
  ]
}