{
    "type": "minecraft:entity",
    "pools": [
      {
        "rolls": 20,
        "entries": [
          {
            "type": "minecraft:item",
            "name": "minecraft:diamond",
            "weight": 15
          },
          {
            "type": "minecraft:item",
            "name": "minecraft:iron_ingot",
            "weight": 32
          },
          {
            "type": "minecraft:item",
            "name": "minecraft:diamond_sword",
            "weight": 4
          },
          {
            "type": "minecraft:item",
            "name": "minecraft:netherite_scrap",
            "weight": 1
          },
          {
            "type": "minecraft:item",
            "name": "minecraft:golden_apple",
            "weight": 5
          },
          {
            "type": "minecraft:item",
            "name": "minecraft:arrow",
            "weight": 50
          },
          {
            "type": "minecraft:item",
            "name": "minecraft:diamond_chestplate",
            "weight": 2
          },
          {
            "type": "minecraft:item",
            "name": "minecraft:rotten_flesh",
            "weight": 40
          },
          {
            "type": "minecraft:item",
            "name": "minecraft:cooked_salmon",
            "weight": 18
          },
          {
            "type": "minecraft:item",
            "name": "minecraft:cobweb",
            "weight": 8
          },
          {
            "type": "minecraft:item",
            "name": "minecraft:enchanted_book",
            "weight": 2,
            "functions": [
              {
                "function": "minecraft:set_components",
                "components": {
                  "minecraft:stored_enchantments": {
                    "levels": {"kiwi:flower_hat": 1},
                    "show_in_tooltip": true
                  }
                }
              }
            ]
          },
          {
            "type": "minecraft:item",
            "name": "minecraft:pufferfish",
            "weight": 2
          }
        ]
      }
    ]
  }