{
  "type": "minecraft:crafting_shaped",
  "category": "equipment",
  "group": "amethyst_wand",
  "key": {
    "X": "minecraft:amethyst_shard"
  },
  "pattern": [
    "X",
    "X",
    "X"
  ],
  "result": {
    "components": {
      "minecraft:consumable": {
        "consume_seconds": 1.5,
        "animation": "block",
        "sound": "minecraft:block.trial_spawner.ambient",
        "has_consume_particles": false,
        "on_consume_effects": [
          {
            "type": "minecraft:play_sound",
            "sound": "minecraft:entity.illusioner.cast_spell"
          }
        ]
      },
      "minecraft:custom_data": "{magus_wand:1b,amethyst_wand:1b}",
      "minecraft:custom_name": "{\"text\":\"Amethyst Wand\",\"italic\":false}",
      "minecraft:lore": [
        "\" \"",
        "{\"color\":\"gray\",\"italic\":false,\"text\":\"When Held:\"}",
        "{\"color\":\"dark_green\",\"italic\":false,\"text\":\"1.5 Casting Speed\"}",
        "{\"color\":\"dark_green\",\"italic\":false,\"text\":\"1 Mana Efficiency\"}",
        "{\"color\":\"dark_green\",\"italic\":false,\"text\":\"0.9 Stability\"}"
      ],
      "minecraft:enchantments": {
        "levels": {
          "kiwi:magus_wand_tier_3": 1
        },
        "show_in_tooltip": true
      }
    },
    "count": 1,
    "id": "minecraft:amethyst_shard"
  }
}