{
  "type": "minecraft:crafting_shaped",
  "category": "equipment",
  "group": "netherite_wand",
  "key": {
    "#": "minecraft:stick",
    "X": "minecraft:ender_eye",
    "Q": "minecraft:netherite_scrap",
    "B": "minecraft:netherite_ingot"
  },
  "pattern": [
    "BXB",
    "QXQ",
    "Q#Q"
  ],
  "result": {
    "components": {
      "minecraft:consumable": {
        "consume_seconds": 1,
        "animation": "block",
        "sound": "minecraft:block.trial_spawner.ambient",
        "has_consume_particles": false,
        "on_consume_effects": [
          {
            "type": "minecraft:play_sound",
            "sound": "minecraft:entity.illusioner.cast_spell"
          }
        ]
      },
      "minecraft:custom_data": "{magus_wand:1b,netherite_wand:1b}",
      "minecraft:custom_name": "{\"text\":\"Netherite Wand\",\"italic\":false}",
      "minecraft:lore": [
        "\" \"",
        "{\"color\":\"gray\",\"italic\":false,\"text\":\"When Held:\"}",
        "{\"color\":\"dark_green\",\"italic\":false,\"text\":\"1 Casting Speed\"}",
        "{\"color\":\"dark_green\",\"italic\":false,\"text\":\"1.4 Mana Efficiency\"}",
        "{\"color\":\"dark_green\",\"italic\":false,\"text\":\"0.95 Stability\"}"
      ],
      "minecraft:enchantments": {
        "levels": {
          "kiwi:magus_wand_tier_2": 1
        },
        "show_in_tooltip": true
      }
    },
    "count": 1,
    "id": "minecraft:stick"
  }
}