{
  "type": "minecraft:crafting_shaped",
  "category": "equipment",
  "group": "nether_wand",
  "key": {
    "#": "blaze_rod",
    "X": "nether_star",
    "Q": "quartz"
  },
  "pattern": [
    "QXQ",
    "QXQ",
    "Q#Q"
  ],
  "result": {
    "components": {
      "minecraft:consumable": {
        "consume_seconds": 0.7,
        "animation": "block",
        "sound": "minecraft:entity.blaze.burn",
        "has_consume_particles": false,
        "on_consume_effects": [
          {
            "type": "minecraft:play_sound",
            "sound": "minecraft:entity.illusioner.cast_spell"
          }
        ]
      },
      "minecraft:custom_data": "{magus_wand:1b,nether_wand:1b}",
      "minecraft:custom_name": "{\"text\":\"Nether Wand\",\"italic\":false}",
      "minecraft:lore": [
        "\" \"",
        "{\"color\":\"gray\",\"italic\":false,\"text\":\"When Held:\"}",
        "{\"color\":\"dark_green\",\"italic\":false,\"text\":\"0.7 Casting Speed\"}",
        "{\"color\":\"dark_green\",\"italic\":false,\"text\":\"1.2 Mana Efficiency\"}",
        "{\"color\":\"dark_green\",\"italic\":false,\"text\":\"0.7 Stability\"}"
      ],
      "minecraft:enchantments": {
        "levels": {
          "kiwi:magus_wand_tier_2": 1
        },
        "show_in_tooltip": true
      }
    },
    "count": 1,
    "id": "minecraft:blaze_rod"
  }
}