{
  "type": "minecraft:crafting_shaped",
  "category": "equipment",
  "key": {
    "#": "minecraft:diamond",
    "X": "minecraft:gold_ingot",
    "Q": "minecraft:netherite_scrap"
  },
  "pattern": [
    "X#X",
    "Q#Q",
    "X#X"
  ],
  "result": {
    "components": {
      "minecraft:consumable": {
        "consume_seconds": 0,
        "animation": "block",
        "sound": "minecraft:block.enchantment_table.use",
        "has_consume_particles": false,
        "on_consume_effects": [
          {
            "type": "minecraft:play_sound",
            "sound": "minecraft:block.trial_spawner.detect_player"
          }
        ]
      },
      "minecraft:custom_data": "{diamond_talisman:1b,monk_talisman:1b}",
      "minecraft:custom_name": "{\"text\":\"Diamond Talisman\",\"italic\":false}",
      "minecraft:lore": [
        "{\"color\":\"gray\",\"italic\":false,\"text\":\"Right Click to Bless.\"}",
        "\"\"",
        "{\"color\":\"gray\",\"italic\":false,\"text\":\"Requires: \",\"extra\":[{\"bold\":true,\"color\":\"#d5bb65\",\"italic\":false,\"text\":\"[MONK]\"},{\"color\":\"gray\",\"italic\":false,\"text\":\" Class\"}]}"
    ],
      "profile": {
        "id": [
          -1616642841,
          -806335054,
          -1832024462,
          1253239055
        ],
        "properties": [
          {
            "name": "textures",
            "value": "eyJ0ZXh0dXJlcyI6eyJTS0lOIjp7InVybCI6Imh0dHA6Ly90ZXh0dXJlcy5taW5lY3JhZnQubmV0L3RleHR1cmUvNDhlZDM0YmNiNDVlMjM2ZDQ1YzhiNDk0MTY2MDRhZjgzYWU2NmQ3NWE4M2RmNmRjM2JmNmFjYTQ0MjU5NzA2In19fQ=="
          }
        ]
      },
        "minecraft:item_model": "minecraft:player_head",
        "rarity": "common"
    },
    "count": 1,
    "id": "minecraft:structure_block"
  }
}