{
  "type": "minecraft:crafting_shaped",
  "category": "equipment",
  "key": {
    "#": "minecraft:iron_ingot",
    "X": "minecraft:leather",
    "Q": "minecraft:gold_ingot"
  },
  "pattern": [
    "X#X",
    "Q#Q",
    "X#X"
  ],
  "result": {
    "components": {
      "minecraft:consumable": {
        "consume_seconds": 0,
        "animation": "block",
        "sound": "minecraft:block.enchantment_table.use",
        "has_consume_particles": false,
        "on_consume_effects": [
          {
            "type": "minecraft:play_sound",
            "sound": "minecraft:block.trial_spawner.detect_player"
          }
        ]
      },
      "minecraft:custom_data": "{iron_talisman:1b,monk_talisman:1b}",
      "minecraft:custom_name": "{\"text\":\"Iron Talisman\",\"italic\":false}",
      "minecraft:lore": [
        "{\"color\":\"gray\",\"italic\":false,\"text\":\"Right Click to Bless.\"}",
        "\"\"",
        "{\"color\":\"red\",\"italic\":false,\"text\":\"Requires: \",\"extra\":[{\"bold\":true,\"color\":\"#d5bb65\",\"italic\":false,\"text\":\"[MONK]\"},{\"color\":\"red\",\"italic\":false,\"text\":\" Class\"}]}"
    ],
      "minecraft:profile": {
        "id": [
          -1709054082,
          -649179708,
          -2084465556,
          -1931402056
        ],
        "properties": [
          {
            "name": "textures",
            "value": "eyJ0ZXh0dXJlcyI6eyJTS0lOIjp7InVybCI6Imh0dHA6Ly90ZXh0dXJlcy5taW5lY3JhZnQubmV0L3RleHR1cmUvMWU4MTI4M2QzNzY4ODIxOGM2MWMzNTYwNTRhYjdhODZjOTMxN2NjODU2ZDg3MzY3MDcwMjZkZTlkNzc1M2RkNSJ9fX0="
          }
        ]
      },
        "minecraft:item_model": "minecraft:player_head",
        "rarity": "common"
    },
    "count": 1,
    "id": "minecraft:structure_block"
  }
}