{
  "type": "minecraft:crafting_shaped",
  "category": "equipment",
  "key": {
    "X": "bone",
    "B": "minecraft:stone_sword",
    "S": [
      "minecraft:soul_sand",
      "minecraft:soul_soil"
    ],
    "E": "minecraft:ender_eye",
    "P": "minecraft:blaze_powder"
  },
  "pattern": [
    "PEP",
    "SBS",
    "XSX"
  ],
  "result": {
    "components": {
      "minecraft:custom_data": "{withered_charm:1b}",
      "minecraft:custom_name": "{\"text\":\"Withered Charm\",\"italic\":false}",
      "minecraft:lore": [
        "{\"color\":\"gray\",\"italic\":false,\"text\":\"[\",\"extra\":[{\"color\":\"dark_green\",\"bold\":false,\"italic\":false,\"keybind\":\"key.use\"},{\"color\":\"gray\",\"italic\":false,\"text\":\"] to summon a Wither Skeleton.\"}]}",
        "{\"color\":\"gray\",\"italic\":false,\"text\":\"[\",\"extra\":[{\"color\":\"dark_green\",\"bold\":false,\"italic\":false,\"keybind\":\"key.attack\"},{\"color\":\"gray\",\"italic\":false,\"text\":\"] to absorb the closest summoned Wither Skeleton.\"}]}",
        "{\"color\":\"gray\",\"italic\":false,\"text\":\"[\",\"extra\":[{\"color\":\"dark_green\",\"bold\":false,\"italic\":false,\"keybind\":\"key.sneak\"},{\"color\":\"gray\",\"italic\":false,\"text\":\" + \"},{\"color\":\"dark_green\",\"bold\":false,\"italic\":false,\"keybind\":\"key.use\"},{\"color\":\"gray\",\"italic\":false,\"text\":\"] to teleport all summoned Wither Skeletons to your position.\"}]}",
        "{\"color\":\"gray\",\"italic\":false,\"text\":\"[\",\"extra\":[{\"color\":\"dark_green\",\"bold\":false,\"italic\":false,\"keybind\":\"key.sneak\"},{\"color\":\"gray\",\"italic\":false,\"text\":\" + \"},{\"color\":\"dark_green\",\"bold\":false,\"italic\":false,\"keybind\":\"key.attack\"},{\"color\":\"gray\",\"italic\":false,\"text\":\"] to absorb all summoned Wither Skeletons.\"}]}",
        "\"\"",
        "{\"color\":\"gray\",\"italic\":false,\"text\":\"A pile of bones with a touch of decay. Provides consistent damage output.\"}",
        "\"\"",
        "{\"color\":\"#2070b6\",\"italic\":false,\"text\":\"[ ON-HIT ] \",\"extra\":[{\"color\":\"gray\",\"bold\":false,\"italic\":false,\"text\":\"Apply the \"},{\"color\":\"#655a5a\",\"bold\":false,\"italic\":false,\"text\":\"Wither I\"},{\"color\":\"gray\",\"bold\":false,\"italic\":false,\"text\":\" debuff on enemies.\"}]}",
        "\"\"",
        "{\"color\":\"gray\",\"italic\":false,\"text\":\"Soul Cost: \",\"extra\":[{\"bold\":false,\"color\":\"#64b0c1\",\"italic\":false,\"text\":\"40 ᛇ Souls\"}]}",
        "{\"color\":\"gray\",\"italic\":false,\"text\":\"Capacity Reserve: \",\"extra\":[{\"bold\":false,\"color\":\"#64b0c1\",\"italic\":false,\"text\":\"1 ᛟ Summon Capacity\"}]}",
        "\"\"",
        "{\"color\":\"red\",\"italic\":false,\"text\":\"Requires: \",\"extra\":[{\"bold\":true,\"color\":\"#a49f82\",\"italic\":false,\"text\":\"[NECROMANCER]\"},{\"color\":\"red\",\"italic\":false,\"text\":\" Class\"}]}"
      ],
      "minecraft:item_model": "minecraft:wither_skeleton_skull",
      "minecraft:rarity": "uncommon"
    },
    "count": 1,
    "id": "minecraft:bone"
  }
}