{
  "type": "minecraft:crafting_shaped",
  "category": "misc",
  "key": {
    "S": [
      "minecraft:soul_sand",
      "minecraft:soul_soil"
    ],
    "I": "minecraft:saddle",
    "B": "minecraft:bone_block",
    "R": "minecraft:ancient_debris",
    "V": "minecraft:wither_skeleton_skull"
  },
  "pattern": [
    "BVB",
    "RIR",
    "BSB"
  ],
  "result": {
    "id": "minecraft:bone",
    "count": 1,
    "components": {
      "minecraft:custom_name": "{\"italic\":false,\"text\":\"[ Soul of Burden ]\"}",
      "minecraft:lore": [
        "{\"color\":\"gray\",\"italic\":false,\"text\":\"[\",\"extra\":[{\"color\":\"dark_green\",\"bold\":false,\"italic\":false,\"keybind\":\"key.use\"},{\"color\":\"gray\",\"italic\":false,\"text\":\"] on a Gravemite summon to evolve it into a Gravemite Behemoth.\"}]}",
        "{\"color\":\"gray\",\"italic\":false,\"text\":\"[\",\"extra\":[{\"color\":\"dark_green\",\"bold\":false,\"italic\":false,\"keybind\":\"key.use\"},{\"color\":\"gray\",\"italic\":false,\"text\":\"] on any summon to select it as a passenger for a Gravemite Behemoth.\"}]}",
        "\"\"",
        "{\"color\":\"gray\",\"italic\":false,\"text\":\"Upgrades:\"}",
        "{\"color\":\"#d79e2b\",\"italic\":false,\"text\":\"[ STAT ] \",\"extra\":[{\"color\":\"red\",\"bold\":false,\"italic\":false,\"text\":\"+8 Health\"}]}",
        "{\"color\":\"#d79e2b\",\"italic\":false,\"text\":\"[ STAT ] \",\"extra\":[{\"color\":\"green\",\"bold\":false,\"italic\":false,\"text\":\"+1 Scale\"}]}",
        "{\"color\":\"#d79e2b\",\"italic\":false,\"text\":\"[ STAT ] \",\"extra\":[{\"color\":\"blue\",\"bold\":false,\"italic\":false,\"text\":\"+0.1 Movement Speed\"}]}",
        "{\"color\":\"#d79e2b\",\"italic\":false,\"text\":\"[ STAT ] \",\"extra\":[{\"color\":\"gray\",\"bold\":false,\"italic\":false,\"text\":\"-3 Attack Damage\"}]}",
        "{\"color\":\"#9620b6\",\"italic\":false,\"text\":\"[ SKILL ] \",\"extra\":[{\"color\":\"gray\",\"bold\":false,\"italic\":false,\"text\":\"This entity becomes rideable to nearby summons.\"}]}",
        "\"\"",
        "{\"color\":\"gray\",\"italic\":false,\"text\":\"Existing weapons and armors will be carried over.\"}"
      ],
      "minecraft:rarity": "rare",
      "minecraft:enchantment_glint_override": true,
      "minecraft:custom_data": "{necromancer_soul_of_burden:1b,necromancer_soul_upgrade:1b}",
      "minecraft:consumable": {
        "consume_seconds": 0,
        "animation": "none",
        "sound": "minecraft:entity.phantom.bite",
        "has_consume_particles": false
      },
      "minecraft:item_model": "minecraft:ender_eye"
    }
  }
}