{
  "type": "minecraft:crafting_shaped",
  "category": "misc",
  "key": {
    "E": "minecraft:ender_pearl",
    "I": "minecraft:stone_sword",
    "B": "minecraft:bone"
  },
  "pattern": [
    "BEB",
    "BIB",
    "BBB"
  ],
  "result": {
    "id": "minecraft:stone_sword",
    "count": 1,
    "components": {
      "minecraft:custom_name": "{\"italic\":false,\"text\":\"[ Stone Sword Upgrade ]\"}",
      "minecraft:lore": [
        "{\"color\":\"gray\",\"italic\":false,\"text\":\"[\",\"extra\":[{\"color\":\"dark_green\",\"bold\":false,\"italic\":false,\"keybind\":\"key.use\"},{\"color\":\"gray\",\"italic\":false,\"text\":\"] on a summon to equip it with a stone sword.\"}]}",
        "{\"text\":\"\"}",
        "{\"color\":\"#d79e2b\",\"italic\":false,\"text\":\"[ STAT ] \",\"extra\":[{\"color\":\"gray\",\"bold\":false,\"italic\":false,\"text\":\"+5 Attack Damage\"}]}",
        "{\"text\":\"\"}",
        "{\"color\":\"gray\",\"italic\":false,\"text\":\"This replaces whatever item it had on hand.\"}"
      ],
      "minecraft:rarity": "common",
      "minecraft:enchantment_glint_override": true,
      "minecraft:custom_data": "{necromancer_stone_sword_upgrade:1b,necromancer_sword_upgrade:1b}",
      "minecraft:consumable": {
        "consume_seconds": 0,
        "animation": "none",
        "sound": "minecraft:entity.villager.work_toolsmith",
        "has_consume_particles": false
      }
    }
  }
}