{
  "type": "minecraft:crafting_shaped",
  "category": "equipment",
  "key": {
    "B": "minecraft:fermented_spider_eye",
    "S": [
      "minecraft:soul_sand",
      "minecraft:soul_soil"
    ],
    "C": "minecraft:string",
    "A": "minecraft:ancient_debris",
    "R": "minecraft:rotten_flesh",
    "T": "minecraft:bone"
  },
  "pattern": [
    "BCB",
    "RAR",
    "STS"
  ],
  "result": {
    "components": {
      "minecraft:custom_data": "{gravebound_charm:1b}",
      "minecraft:custom_name": "{\"text\":\"Gravebound Charm\",\"italic\":false}",
      "minecraft:lore": [
        "{\"color\":\"gray\",\"italic\":false,\"text\":\"[\",\"extra\":[{\"color\":\"dark_green\",\"bold\":false,\"italic\":false,\"keybind\":\"key.use\"},{\"color\":\"gray\",\"italic\":false,\"text\":\"] to summon a Gravemite.\"}]}",
        "{\"color\":\"gray\",\"italic\":false,\"text\":\"[\",\"extra\":[{\"color\":\"dark_green\",\"bold\":false,\"italic\":false,\"keybind\":\"key.attack\"},{\"color\":\"gray\",\"italic\":false,\"text\":\"] to absorb the closest summoned Gravemite.\"}]}",
        "{\"color\":\"gray\",\"italic\":false,\"text\":\"[\",\"extra\":[{\"color\":\"dark_green\",\"bold\":false,\"italic\":false,\"keybind\":\"key.sneak\"},{\"color\":\"gray\",\"italic\":false,\"text\":\" + \"},{\"color\":\"dark_green\",\"bold\":false,\"italic\":false,\"keybind\":\"key.use\"},{\"color\":\"gray\",\"italic\":false,\"text\":\"] to teleport all summoned Gravemites to your position.\"}]}",
        "{\"color\":\"gray\",\"italic\":false,\"text\":\"[\",\"extra\":[{\"color\":\"dark_green\",\"bold\":false,\"italic\":false,\"keybind\":\"key.sneak\"},{\"color\":\"gray\",\"italic\":false,\"text\":\" + \"},{\"color\":\"dark_green\",\"bold\":false,\"italic\":false,\"keybind\":\"key.attack\"},{\"color\":\"gray\",\"italic\":false,\"text\":\"] to absorb all summoned Gravemite.\"}]}",
        "\"\"",
        "{\"color\":\"gray\",\"italic\":false,\"text\":\"Large corpse-eating silverfish. It's durable plating allows it to receive and return hits.\"}",
        "\"\"",
        "{\"color\":\"#9620b6\",\"italic\":false,\"text\":\"[ SKILL ] \",\"extra\":[{\"color\":\"gray\",\"bold\":false,\"italic\":false,\"text\":\"This entity will turn infestable blocks below into infested stone.\"}]}",
        "\"\"",
        "{\"color\":\"gray\",\"italic\":false,\"text\":\"Soul Cost: \",\"extra\":[{\"bold\":false,\"color\":\"#64b0c1\",\"italic\":false,\"text\":\"25 ᛇ Souls\"}]}",
        "{\"color\":\"gray\",\"italic\":false,\"text\":\"Capacity Reserve: \",\"extra\":[{\"bold\":false,\"color\":\"#64b0c1\",\"italic\":false,\"text\":\"3 ᛟ Summon Capacity\"}]}",
        "\"\"",
        "{\"color\":\"red\",\"italic\":false,\"text\":\"Requires: \",\"extra\":[{\"bold\":true,\"color\":\"#a49f82\",\"italic\":false,\"text\":\"[NECROMANCER]\"},{\"color\":\"red\",\"italic\":false,\"text\":\" Class\"}]}"
      ],
      "minecraft:item_model": "minecraft:player_head",
      "minecraft:profile": {
        "id": [
          2785241254,
          -2615706128,
          -3100989059,
          2105833795
        ],
        "properties": [
          {
            "name": "textures",
            "value": "eyJ0ZXh0dXJlcyI6eyJTS0lOIjp7InVybCI6Imh0dHA6Ly90ZXh0dXJlcy5taW5lY3JhZnQubmV0L3RleHR1cmUvZGE5MWRhYjgzOTFhZjVmZGE1NGFjZDJjMGIxOGZiZDgxOWI4NjVlMWE4ZjFkNjIzODEzZmE3NjFlOTI0NTQwIn19fQ=="
          }
        ]
      },
      "rarity": "rare"
    },
    "count": 1,
    "id": "minecraft:bone"
  }
}