{
  "type": "minecraft:crafting_shaped",
  "category": "misc",
  "key": {
    "E": "minecraft:ender_eye",
    "S": [
      "minecraft:soul_sand",
      "minecraft:soul_soil"
    ],
    "B": "minecraft:bone"
  },
  "pattern": [
    " E",
    " B",
    " S"
  ],
  "result": {
    "id": "minecraft:bone",
    "count": 1,
    "components": {
      "minecraft:custom_name": "{\"italic\":false,\"text\":\"Calling Bone\"}",
      "minecraft:lore": [
        "{\"color\":\"gray\",\"italic\":false,\"text\":\"[\",\"extra\":[{\"color\":\"dark_green\",\"bold\":false,\"italic\":false,\"keybind\":\"key.attack\"},{\"color\":\"gray\",\"italic\":false,\"text\":\"] to cycle through command options.\"}]}",
        "{\"color\":\"gray\",\"italic\":false,\"text\":\"[\",\"extra\":[{\"color\":\"dark_green\",\"bold\":false,\"italic\":false,\"keybind\":\"key.use\"},{\"color\":\"gray\",\"italic\":false,\"text\":\"] to execute command to your summons.\"}]}",
        "{\"color\":\"gray\",\"italic\":false,\"text\":\"[\",\"extra\":[{\"color\":\"dark_green\",\"bold\":false,\"italic\":false,\"keybind\":\"key.sneak\"},{\"color\":\"gray\",\"italic\":false,\"text\":\" + \"},{\"color\":\"dark_green\",\"bold\":false,\"italic\":false,\"keybind\":\"key.attack\"},{\"color\":\"gray\",\"italic\":false,\"text\":\"] to view current summon capacity.\"}]}",
        "\" \"",
        "{\"bold\":true,\"color\":\"#64B0C1\",\"extra\":[{\"bold\":false,\"color\":\"gray\",\"text\":\"  |  Attack the nearest valid entity to its own position.\"}],\"italic\":false,\"text\":\"[ NEAREST ]\"}",
        "{\"bold\":true,\"color\":\"#64B0C1\",\"extra\":[{\"bold\":false,\"color\":\"gray\",\"text\":\"  |  Attack a random valid entity around its position.\"}],\"italic\":false,\"text\":\"[ RANDOM ]\"}",
        "{\"bold\":true,\"color\":\"#64B0C1\",\"extra\":[{\"bold\":false,\"color\":\"gray\",\"text\":\"  |  Attack the closest valid entity to the player's position.\"}],\"italic\":false,\"text\":\"[ PLAYER NEAREST ]\"}",
        "{\"bold\":true,\"color\":\"#64B0C1\",\"extra\":[{\"bold\":false,\"color\":\"gray\",\"text\":\"  |  Gather around the current player's position.\"}],\"italic\":false,\"text\":\"[ PLAYER POSITION ]\"}",
        "\" \"",
        "{\"color\":\"red\",\"italic\":false,\"text\":\"Requires: \",\"extra\":[{\"bold\":true,\"color\":\"#a49f82\",\"italic\":false,\"text\":\"[NECROMANCER]\"},{\"color\":\"red\",\"italic\":false,\"text\":\" Class\"}]}"      
        ],
      "minecraft:rarity": "epic",
      "minecraft:enchantment_glint_override": true,
      "minecraft:custom_data": "{necromancer_calling_bone:1b}"
    }
  }
}