{
  "type": "minecraft:crafting_shaped",
  "category": "misc",
  "key": {
    "E": "minecraft:ender_eye",
    "S": [
      "minecraft:soul_sand",
      "minecraft:soul_soil"
    ],
    "I": "minecraft:golden_sword",
    "B": "minecraft:bone"
  },
  "pattern": [
    "BEB",
    "BIB",
    "BSB"
  ],
  "result": {
    "id": "minecraft:golden_sword",
    "count": 1,
    "components": {
      "minecraft:custom_name": "{\"italic\":false,\"text\":\"[ Golden Sword Upgrade ]\"}",
      "minecraft:lore": [
        "{\"color\":\"gray\",\"italic\":false,\"text\":\"[\",\"extra\":[{\"color\":\"dark_green\",\"bold\":false,\"italic\":false,\"keybind\":\"key.use\"},{\"color\":\"gray\",\"italic\":false,\"text\":\"] on a summon to equip it with a golden sword.\"}]}",
        "{\"text\":\"\"}",
        "{\"color\":\"#d79e2b\",\"italic\":false,\"text\":\"[ STAT ] \",\"extra\":[{\"color\":\"gray\",\"bold\":false,\"italic\":false,\"text\":\"+4 Attack Damage\"}]}",
        "{\"text\":\"\"}",
        "{\"color\":\"gray\",\"italic\":false,\"text\":\"This replaces whatever item it had on hand.\"}"
      ],
      "minecraft:rarity": "uncommon",
      "minecraft:enchantment_glint_override": true,
      "minecraft:custom_data": "{necromancer_golden_sword_upgrade:1b,necromancer_sword_upgrade:1b}",
      "minecraft:consumable": {
        "consume_seconds": 0,
        "animation": "none",
        "sound": "minecraft:entity.villager.work_toolsmith",
        "has_consume_particles": false
      }
    }
  }
}