{
  "type": "minecraft:crafting_shaped",
  "category": "misc",
  "key": {
    "B": "minecraft:bone_block",
    "R": "minecraft:glistering_melon_slice",
    "H": "minecraft:ender_eye",
    "C": "minecraft:ghast_tear",
    "L": "minecraft:enchanted_golden_apple",
    "S": [
      "soul_sand",
      "minecraft:soul_soil"
    ]
  },
  "pattern": [
    "BHB",
    "RLR",
    "SCS"
  ],
  "result": {
    "id": "minecraft:bone",
    "count": 1,
    "components": {
      "minecraft:custom_name": "{\"italic\":false,\"text\":\"[ Titan Strand ]\"}",
      "minecraft:lore": [
        "{\"color\":\"gray\",\"italic\":false,\"text\":\"[\",\"extra\":[{\"color\":\"dark_green\",\"bold\":false,\"italic\":false,\"keybind\":\"key.use\"},{\"color\":\"gray\",\"italic\":false,\"text\":\"] on a summon to mutate it with the Titan strand.\"}]}",
        "{\"text\":\"\"}",
        "{\"color\":\"#d79e2b\",\"italic\":false,\"text\":\"[ STAT ] \",\"extra\":[{\"color\":\"red\",\"bold\":false,\"italic\":false,\"text\":\"+25% Health\"}]}",
        "{\"color\":\"#d79e2b\",\"italic\":false,\"text\":\"[ STAT ] \",\"extra\":[{\"color\":\"green\",\"bold\":false,\"italic\":false,\"text\":\"+25% Scale\"}]}",
        "{\"color\":\"#d79e2b\",\"italic\":false,\"text\":\"[ STAT ] \",\"extra\":[{\"color\":\"white\",\"bold\":false,\"italic\":false,\"text\":\"+4 Armor\"}]}",
        "{\"color\":\"#d79e2b\",\"italic\":false,\"text\":\"[ STAT ] \",\"extra\":[{\"color\":\"blue\",\"bold\":false,\"italic\":false,\"text\":\"-40% Movement Speed\"}]}",
        "{\"text\":\"\"}",
        "{\"color\":\"gray\",\"italic\":false,\"text\":\"This will not effect any existing strands. This strand cannot be removed.\"}"
      ],
      "minecraft:rarity": "rare",
      "minecraft:enchantment_glint_override": true,
      "minecraft:custom_data": "{necromancer_titan_strand_upgrade:1b,necromancer_soul_upgrade:1b}",
      "minecraft:consumable": {
        "consume_seconds": 0,
        "animation": "none",
        "sound": "minecraft:block.trial_spawner.spawn_item_begin",
        "has_consume_particles": false
      },
      "minecraft:item_model": "minecraft:nautilus_shell"
    }
  }
}