{
  "type": "minecraft:crafting_shaped",
  "category": "misc",
  "key": {
    "B": "minecraft:bone_block",
    "R": "minecraft:string",
    "H": "minecraft:ender_pearl",
    "C": "minecraft:rabbit_foot",
    "L": "minecraft:fermented_spider_eye",
    "S": [
      "soul_sand",
      "minecraft:soul_soil"
    ]
  },
  "pattern": [
    "BHB",
    "RLR",
    "SCS"
  ],
  "result": {
    "id": "minecraft:bone",
    "count": 1,
    "components": {
      "minecraft:custom_name": "{\"italic\":false,\"text\":\"[ Skitter Strand ]\"}",
      "minecraft:lore": [
        "{\"color\":\"gray\",\"italic\":false,\"text\":\"[\",\"extra\":[{\"color\":\"dark_green\",\"bold\":false,\"italic\":false,\"keybind\":\"key.use\"},{\"color\":\"gray\",\"italic\":false,\"text\":\"] on a summon to mutate it with the Skitter strand.\"}]}",
        "{\"text\":\"\"}",
        "{\"color\":\"#d79e2b\",\"italic\":false,\"text\":\"[ STAT ] \",\"extra\":[{\"color\":\"blue\",\"bold\":false,\"italic\":false,\"text\":\"+0.05 Movement Speed\"}]}",
        "{\"color\":\"#d79e2b\",\"italic\":false,\"text\":\"[ STAT ] \",\"extra\":[{\"color\":\"green\",\"bold\":false,\"italic\":false,\"text\":\"-25% Scale\"}]}",
        "{\"color\":\"#d79e2b\",\"italic\":false,\"text\":\"[ STAT ] \",\"extra\":[{\"color\":\"red\",\"bold\":false,\"italic\":false,\"text\":\"-20% Health\"}]}",
        "{\"color\":\"#5d8e7c\",\"italic\":false,\"text\":\"[ EFFECT ] \",\"extra\":[{\"color\":\"gray\",\"bold\":false,\"italic\":false,\"text\":\"Permanently induces this entity with the \"},{\"color\":\"#a28787\",\"bold\":false,\"italic\":false,\"text\":\"Weaving I\"},{\"color\":\"gray\",\"bold\":false,\"italic\":false,\"text\":\" effect.\"}]}",
        "{\"text\":\"\"}",
        "{\"color\":\"gray\",\"italic\":false,\"text\":\"This will not effect any existing strands. This strand cannot be removed.\"}"
      ],
      "minecraft:rarity": "rare",
      "minecraft:enchantment_glint_override": true,
      "minecraft:custom_data": "{necromancer_skitter_strand_upgrade:1b,necromancer_soul_upgrade:1b}",
      "minecraft:consumable": {
        "consume_seconds": 0,
        "animation": "none",
        "sound": "minecraft:block.trial_spawner.spawn_item_begin",
        "has_consume_particles": false
      },
      "minecraft:item_model": "minecraft:fermented_spider_eye"
    }
  }
}