{
  "type": "minecraft:chest",
  "pools": [
    {
      "rolls": 1,
      "entries": [
        {
          "type": "minecraft:item",
          "name": "minecraft:structure_block",
          "weight": 5,
          "functions": [
            {
              "function": "minecraft:set_components",
              "components": {
                "minecraft:custom_data": "{diamond_talisman:1b,monk_talisman_blessed:1b}",
                "minecraft:custom_name": "{\"text\":\"Strong Diamond Talisman\",\"italic\":false}",
                "minecraft:lore": [
                  "{\"color\":\"gray\",\"italic\":false,\"text\":\"Enhances it's wearer with minor strength.\"}"
                ],
                "minecraft:profile": {
        "id": [
          -1616642841,
          -806335054,
          -1832024462,
          1253239055
        ],
        "properties": [
          {
            "name": "textures",
            "value": "eyJ0ZXh0dXJlcyI6eyJTS0lOIjp7InVybCI6Imh0dHA6Ly90ZXh0dXJlcy5taW5lY3JhZnQubmV0L3RleHR1cmUvNDhlZDM0YmNiNDVlMjM2ZDQ1YzhiNDk0MTY2MDRhZjgzYWU2NmQ3NWE4M2RmNmRjM2JmNmFjYTQ0MjU5NzA2In19fQ=="
          }
        ]
      },
        "minecraft:item_model": "minecraft:player_head",
        "rarity": "epic"
    }
            },
            {
              "function": "minecraft:set_attributes",
              "modifiers": [
                {
                  "attribute": "minecraft:attack_damage",
                  "id": "diamond_talisman_attack_damage",
                  "amount": {
                    "min": 1.5,
                    "max": 2.5
                  },
                  "operation": "add_value",
                  "slot": "offhand"
                },
                {
                  "attribute": "minecraft:attack_speed",
                  "id": "diamond_talisman_attack_speed",
                  "amount": {
                    "min": 0.05,
                    "max": 0.35
                  },
                  "operation": "add_value",
                  "slot": "offhand"
                }
              ],
              "conditions": []
            }
          ]
        },
        {
          "type": "minecraft:item",
          "name": "minecraft:structure_block",
          "weight": 5,
          "functions": [
            {
              "function": "minecraft:set_components",
              "components": {
                "minecraft:custom_data": "{diamond_talisman:1b,monk_talisman_blessed:1b}",
                "minecraft:custom_name": "{\"text\":\"Tough Diamond Talisman\",\"italic\":false}",
                "minecraft:lore": [
                  "{\"color\":\"gray\",\"italic\":false,\"text\":\"Enhances it's wearer with minor vigor.\"}"
                ],
                "minecraft:profile": {
        "id": [
          -1616642841,
          -806335054,
          -1832024462,
          1253239055
        ],
        "properties": [
          {
            "name": "textures",
            "value": "eyJ0ZXh0dXJlcyI6eyJTS0lOIjp7InVybCI6Imh0dHA6Ly90ZXh0dXJlcy5taW5lY3JhZnQubmV0L3RleHR1cmUvNDhlZDM0YmNiNDVlMjM2ZDQ1YzhiNDk0MTY2MDRhZjgzYWU2NmQ3NWE4M2RmNmRjM2JmNmFjYTQ0MjU5NzA2In19fQ=="
          }
        ]
      },
        "minecraft:item_model": "minecraft:player_head",
        "rarity": "epic"
    }
            },
            {
              "function": "minecraft:set_attributes",
              "modifiers": [
                {
                  "attribute": "minecraft:max_health",
                  "id": "diamond_talisman_max_health",
                  "amount": {
                    "min": 2,
                    "max": 4.5
                  },
                  "operation": "add_value",
                  "slot": "offhand"
                },
                {
                  "attribute": "minecraft:armor",
                  "id": "diamond_talisman_armor",
                  "amount": {
                    "min": 2,
                    "max": 4.5
                  },
                  "operation": "add_value",
                  "slot": "offhand"
                }
              ],
              "conditions": []
            }
          ]
        },
        {
          "type": "minecraft:item",
          "name": "minecraft:structure_block",
          "weight": 5,
          "functions": [
            {
              "function": "minecraft:set_components",
              "components": {
                "minecraft:custom_data": "{diamond_talisman:1b,monk_talisman_blessed:1b}",
                "minecraft:custom_name": "{\"text\":\"Swift Diamond Talisman\",\"italic\":false}",
                "minecraft:lore": [
                  "{\"color\":\"gray\",\"italic\":false,\"text\":\"Enhances it's wearer with minor agility.\"}"
                ],
                "minecraft:profile": {
        "id": [
          -1616642841,
          -806335054,
          -1832024462,
          1253239055
        ],
        "properties": [
          {
            "name": "textures",
            "value": "eyJ0ZXh0dXJlcyI6eyJTS0lOIjp7InVybCI6Imh0dHA6Ly90ZXh0dXJlcy5taW5lY3JhZnQubmV0L3RleHR1cmUvNDhlZDM0YmNiNDVlMjM2ZDQ1YzhiNDk0MTY2MDRhZjgzYWU2NmQ3NWE4M2RmNmRjM2JmNmFjYTQ0MjU5NzA2In19fQ=="
          }
        ]
      },
        "minecraft:item_model": "minecraft:player_head",
        "rarity": "epic"
    }
            },
            {
              "function": "minecraft:set_attributes",
              "modifiers": [
                {
                  "attribute": "minecraft:movement_speed",
                  "id": "diamond_talisman_movement_speed",
                  "amount": {
                    "min": 0.02,
                    "max": 0.03
                  },
                  "operation": "add_value",
                  "slot": "offhand"
                },
                {
                  "attribute": "minecraft:jump_strength",
                  "id": "diamond_talisman_jump_strength",
                  "amount": {
                    "min": 0.05,
                    "max": 0.15
                  },
                  "operation": "add_value",
                  "slot": "offhand"
                }
              ],
              "conditions": []
            }
          ]
        },
        {
          "type": "minecraft:item",
          "name": "minecraft:structure_block",
          "weight": 3,
          "functions": [
            {
              "function": "minecraft:set_components",
              "components": {
                "minecraft:custom_data": "{diamond_talisman:1b,monk_talisman_blessed:1b}",
                "minecraft:custom_name": "{\"text\":\"Fast Diamond Talisman\",\"italic\":false}",
                "minecraft:lore": [
                  "{\"color\":\"gray\",\"italic\":false,\"text\":\"Enhances it's wearer with speed.\"}"
                ],
                "minecraft:profile": {
        "id": [
          -1616642841,
          -806335054,
          -1832024462,
          1253239055
        ],
        "properties": [
          {
            "name": "textures",
            "value": "eyJ0ZXh0dXJlcyI6eyJTS0lOIjp7InVybCI6Imh0dHA6Ly90ZXh0dXJlcy5taW5lY3JhZnQubmV0L3RleHR1cmUvNDhlZDM0YmNiNDVlMjM2ZDQ1YzhiNDk0MTY2MDRhZjgzYWU2NmQ3NWE4M2RmNmRjM2JmNmFjYTQ0MjU5NzA2In19fQ=="
          }
        ]
      },
        "minecraft:item_model": "minecraft:player_head",
        "rarity": "epic"
    }
            },
            {
              "function": "minecraft:set_attributes",
              "modifiers": [
                {
                  "attribute": "minecraft:movement_speed",
                  "id": "diamond_talisman_movement_speed",
                  "amount": {
                    "min": 0.03,
                    "max": 0.04
                  },
                  "operation": "add_value",
                  "slot": "offhand"
                }
              ],
              "conditions": []
            }
          ]
        },
        {
          "type": "minecraft:item",
          "name": "minecraft:structure_block",
          "weight": 3,
          "functions": [
            {
              "function": "minecraft:set_components",
              "components": {
                "minecraft:custom_data": "{diamond_talisman:1b,monk_talisman_blessed:1b}",
                "minecraft:custom_name": "{\"text\":\"Springy Diamond Talisman\",\"italic\":false}",
                "minecraft:lore": [
                  "{\"color\":\"gray\",\"italic\":false,\"text\":\"Enhances it's wearer with jump strength.\"}"
                ],
                "minecraft:profile": {
        "id": [
          -1616642841,
          -806335054,
          -1832024462,
          1253239055
        ],
        "properties": [
          {
            "name": "textures",
            "value": "eyJ0ZXh0dXJlcyI6eyJTS0lOIjp7InVybCI6Imh0dHA6Ly90ZXh0dXJlcy5taW5lY3JhZnQubmV0L3RleHR1cmUvNDhlZDM0YmNiNDVlMjM2ZDQ1YzhiNDk0MTY2MDRhZjgzYWU2NmQ3NWE4M2RmNmRjM2JmNmFjYTQ0MjU5NzA2In19fQ=="
          }
        ]
      },
        "minecraft:item_model": "minecraft:player_head",
        "rarity": "epic"
    }
            },
            {
              "function": "minecraft:set_attributes",
              "modifiers": [
                {
                  "attribute": "minecraft:jump_strength",
                  "id": "diamond_talisman_jump_strength",
                  "amount": {
                    "min": 0.15,
                    "max": 0.35
                  },
                  "operation": "add_value",
                  "slot": "offhand"
                }
              ],
              "conditions": []
            }
          ]
        },
        {
          "type": "minecraft:item",
          "name": "minecraft:structure_block",
          "weight": 2,
          "functions": [
            {
              "function": "minecraft:set_components",
              "components": {
                "minecraft:custom_data": "{diamond_talisman:1b,monk_talisman_blessed:1b}",
                "minecraft:custom_name": "{\"text\":\"Healthy Diamond Talisman\",\"italic\":false}",
                "minecraft:lore": [
                  "{\"color\":\"gray\",\"italic\":false,\"text\":\"Enhances it's wearer with extra health.\"}"
                ],
                "minecraft:profile": {
        "id": [
          -1616642841,
          -806335054,
          -1832024462,
          1253239055
        ],
        "properties": [
          {
            "name": "textures",
            "value": "eyJ0ZXh0dXJlcyI6eyJTS0lOIjp7InVybCI6Imh0dHA6Ly90ZXh0dXJlcy5taW5lY3JhZnQubmV0L3RleHR1cmUvNDhlZDM0YmNiNDVlMjM2ZDQ1YzhiNDk0MTY2MDRhZjgzYWU2NmQ3NWE4M2RmNmRjM2JmNmFjYTQ0MjU5NzA2In19fQ=="
          }
        ]
      },
        "minecraft:item_model": "minecraft:player_head",
        "rarity": "epic"
    }
            },
            {
              "function": "minecraft:set_attributes",
              "modifiers": [
                {
                  "attribute": "minecraft:max_health",
                  "id": "diamond_talisman_max_health",
                  "amount": {
                    "min": 3,
                    "max": 5
                  },
                  "operation": "add_value",
                  "slot": "offhand"
                }
              ],
              "conditions": []
            }
          ]
        },
        {
          "type": "minecraft:item",
          "name": "minecraft:structure_block",
          "weight": 2,
          "functions": [
            {
              "function": "minecraft:set_components",
              "components": {
                "minecraft:custom_data": "{diamond_talisman:1b,monk_talisman_blessed:1b}",
                "minecraft:custom_name": "{\"text\":\"Armored Diamond Talisman\",\"italic\":false}",
                "minecraft:lore": [
                  "{\"color\":\"gray\",\"italic\":false,\"text\":\"Enhances it's wearer with extra armor.\"}"
                ],
                "minecraft:profile": {
        "id": [
          -1616642841,
          -806335054,
          -1832024462,
          1253239055
        ],
        "properties": [
          {
            "name": "textures",
            "value": "eyJ0ZXh0dXJlcyI6eyJTS0lOIjp7InVybCI6Imh0dHA6Ly90ZXh0dXJlcy5taW5lY3JhZnQubmV0L3RleHR1cmUvNDhlZDM0YmNiNDVlMjM2ZDQ1YzhiNDk0MTY2MDRhZjgzYWU2NmQ3NWE4M2RmNmRjM2JmNmFjYTQ0MjU5NzA2In19fQ=="
          }
        ]
      },
        "minecraft:item_model": "minecraft:player_head",
        "rarity": "epic"
    }
            },
            {
              "function": "minecraft:set_attributes",
              "modifiers": [
                {
                  "attribute": "minecraft:armor",
                  "id": "diamond_talisman_armor",
                  "amount": {
                    "min": 3,
                    "max": 5
                  },
                  "operation": "add_value",
                  "slot": "offhand"
                }
              ],
              "conditions": []
            }
          ]
        },
        {
          "type": "minecraft:item",
          "name": "minecraft:structure_block",
          "weight": 1,
          "functions": [
            {
              "function": "minecraft:set_components",
              "components": {
                "minecraft:custom_data": "{diamond_talisman:1b,monk_talisman_blessed:1b}",
                "minecraft:custom_name": "{\"text\":\"Powerful Diamond Talisman\",\"italic\":false}",
                "minecraft:lore": [
                  "{\"color\":\"gray\",\"italic\":false,\"text\":\"Enhances it's wearer with extra attack damage.\"}"
                ],
                "minecraft:profile": {
        "id": [
          -1616642841,
          -806335054,
          -1832024462,
          1253239055
        ],
        "properties": [
          {
            "name": "textures",
            "value": "eyJ0ZXh0dXJlcyI6eyJTS0lOIjp7InVybCI6Imh0dHA6Ly90ZXh0dXJlcy5taW5lY3JhZnQubmV0L3RleHR1cmUvNDhlZDM0YmNiNDVlMjM2ZDQ1YzhiNDk0MTY2MDRhZjgzYWU2NmQ3NWE4M2RmNmRjM2JmNmFjYTQ0MjU5NzA2In19fQ=="
          }
        ]
      },
        "minecraft:item_model": "minecraft:player_head",
        "rarity": "epic"
    }
            },
            {
              "function": "minecraft:set_attributes",
              "modifiers": [
                {
                  "attribute": "minecraft:attack_damage",
                  "id": "diamond_talisman_attack_damage",
                  "amount": {
                    "min": 2,
                    "max": 3.5
                  },
                  "operation": "add_value",
                  "slot": "offhand"
                }
              ],
              "conditions": []
            }
          ]
        },
        {
          "type": "minecraft:item",
          "name": "minecraft:structure_block",
          "weight": 1,
          "functions": [
            {
              "function": "minecraft:set_components",
              "components": {
                "minecraft:custom_data": "{diamond_talisman:1b,monk_talisman_blessed:1b}",
                "minecraft:custom_name": "{\"text\":\"Rapid Diamond Talisman\",\"italic\":false}",
                "minecraft:lore": [
                  "{\"color\":\"gray\",\"italic\":false,\"text\":\"Enhances it's wearer with extra attack speed.\"}"
                ],
                "minecraft:profile": {
        "id": [
          -1616642841,
          -806335054,
          -1832024462,
          1253239055
        ],
        "properties": [
          {
            "name": "textures",
            "value": "eyJ0ZXh0dXJlcyI6eyJTS0lOIjp7InVybCI6Imh0dHA6Ly90ZXh0dXJlcy5taW5lY3JhZnQubmV0L3RleHR1cmUvNDhlZDM0YmNiNDVlMjM2ZDQ1YzhiNDk0MTY2MDRhZjgzYWU2NmQ3NWE4M2RmNmRjM2JmNmFjYTQ0MjU5NzA2In19fQ=="
          }
        ]
      },
        "minecraft:item_model": "minecraft:player_head",
        "rarity": "epic"
    }
            },
            {
              "function": "minecraft:set_attributes",
              "modifiers": [
                {
                  "attribute": "minecraft:attack_speed",
                  "id": "diamond_talisman_attack_speed",
                  "amount": {
                    "min": 0.25,
                    "max": 0.45
                  },
                  "operation": "add_value",
                  "slot": "offhand"
                }
              ],
              "conditions": []
            }
          ]
        },
        {
          "type": "minecraft:item",
          "name": "minecraft:structure_block",
          "weight": 5,
          "functions": [
            {
              "function": "minecraft:set_components",
              "components": {
                "minecraft:custom_data": "{diamond_talisman:1b,monk_talisman_blessed:1b}",
                "minecraft:custom_name": "{\"text\":\"Immovable Diamond Talisman\",\"italic\":false}",
                "minecraft:lore": [
                  "{\"color\":\"gray\",\"italic\":false,\"text\":\"Enhances it's wearer with size and knockback resistance.\"}"
                ],
                "minecraft:profile": {
        "id": [
          -1616642841,
          -806335054,
          -1832024462,
          1253239055
        ],
        "properties": [
          {
            "name": "textures",
            "value": "eyJ0ZXh0dXJlcyI6eyJTS0lOIjp7InVybCI6Imh0dHA6Ly90ZXh0dXJlcy5taW5lY3JhZnQubmV0L3RleHR1cmUvNDhlZDM0YmNiNDVlMjM2ZDQ1YzhiNDk0MTY2MDRhZjgzYWU2NmQ3NWE4M2RmNmRjM2JmNmFjYTQ0MjU5NzA2In19fQ=="
          }
        ]
      },
        "minecraft:item_model": "minecraft:player_head",
        "rarity": "epic"
    }
            },
            {
              "function": "minecraft:set_attributes",
              "modifiers": [
                {
                  "attribute": "minecraft:scale",
                  "id": "diamond_talisman_scale",
                  "amount": {
                    "min": 0.4,
                    "max": 0.5
                  },
                  "operation": "add_value",
                  "slot": "offhand"
                },
                {
                  "attribute": "minecraft:knockback_resistance",
                  "id": "diamond_talisman_knockback_resistance",
                  "amount": {
                    "min": 0.3,
                    "max": 0.4
                  },
                  "operation": "add_value",
                  "slot": "offhand"
                }
              ],
              "conditions": []
            }
          ]
        },
        {
          "type": "minecraft:item",
          "name": "minecraft:structure_block",
          "weight": 3,
          "functions": [
            {
              "function": "minecraft:set_components",
              "components": {
                "minecraft:custom_data": "{diamond_talisman:1b,monk_talisman_blessed:1b}",
                "minecraft:custom_name": "{\"text\":\"Grasping Diamond Talisman\",\"italic\":false}",
                "minecraft:lore": [
                  "{\"color\":\"gray\",\"italic\":false,\"text\":\"Enhances it's wearer with extra reach.\"}"
                ],
                "minecraft:profile": {
        "id": [
          -1616642841,
          -806335054,
          -1832024462,
          1253239055
        ],
        "properties": [
          {
            "name": "textures",
            "value": "eyJ0ZXh0dXJlcyI6eyJTS0lOIjp7InVybCI6Imh0dHA6Ly90ZXh0dXJlcy5taW5lY3JhZnQubmV0L3RleHR1cmUvNDhlZDM0YmNiNDVlMjM2ZDQ1YzhiNDk0MTY2MDRhZjgzYWU2NmQ3NWE4M2RmNmRjM2JmNmFjYTQ0MjU5NzA2In19fQ=="
          }
        ]
      },
        "minecraft:item_model": "minecraft:player_head",
        "rarity": "epic"
    }
            },
            {
              "function": "minecraft:set_attributes",
              "modifiers": [
                {
                  "attribute": "minecraft:entity_interaction_range",
                  "id": "diamond_talisman_entity_interaction_range",
                  "amount": {
                    "min": 0.3,
                    "max": 0.75
                  },
                  "operation": "add_value",
                  "slot": "offhand"
                },
                {
                  "attribute": "minecraft:block_interaction_range",
                  "id": "diamond_talisman_block_interaction_range",
                  "amount": {
                    "min": 0.3,
                    "max": 1.4
                  },
                  "operation": "add_value",
                  "slot": "offhand"
                }
              ],
              "conditions": []
            }
          ]
        },
        {
          "type": "minecraft:item",
          "name": "minecraft:structure_block",
          "weight": 3,
          "functions": [
            {
              "function": "minecraft:set_components",
              "components": {
                "minecraft:custom_data": "{diamond_talisman:1b,monk_talisman_blessed:1b}",
                "minecraft:custom_name": "{\"text\":\"Aeroamphibious Diamond Talisman\",\"italic\":false}",
                "minecraft:lore": [
                  "{\"color\":\"gray\",\"italic\":false,\"text\":\"Enhances it's wearer with increased breath and safe fall distance.\"}"
                ],
                "minecraft:profile": {
        "id": [
          -1616642841,
          -806335054,
          -1832024462,
          1253239055
        ],
        "properties": [
          {
            "name": "textures",
            "value": "eyJ0ZXh0dXJlcyI6eyJTS0lOIjp7InVybCI6Imh0dHA6Ly90ZXh0dXJlcy5taW5lY3JhZnQubmV0L3RleHR1cmUvNDhlZDM0YmNiNDVlMjM2ZDQ1YzhiNDk0MTY2MDRhZjgzYWU2NmQ3NWE4M2RmNmRjM2JmNmFjYTQ0MjU5NzA2In19fQ=="
          }
        ]
      },
        "minecraft:item_model": "minecraft:player_head",
        "rarity": "epic"
    }
            },
            {
              "function": "minecraft:set_attributes",
              "modifiers": [
                {
                  "attribute": "minecraft:oxygen_bonus",
                  "id": "diamond_talisman_oxygen_bonus",
                  "amount": {
                    "min": 6,
                    "max": 15
                  },
                  "operation": "add_value",
                  "slot": "offhand"
                },
                {
                  "attribute": "minecraft:safe_fall_distance",
                  "id": "diamond_talisman_safe_fall_distance",
                  "amount": {
                    "min": 2,
                    "max": 5
                  },
                  "operation": "add_value",
                  "slot": "offhand"
                }
              ],
              "conditions": []
            }
          ]
        }
      ]
    }
  ]
}