{
  "type": "minecraft:chest",
  "pools": [
    {
      "rolls": 1,
      "entries": [
        {
          "type": "minecraft:item",
          "name": "minecraft:structure_block",
          "weight": 5,
          "functions": [
            {
              "function": "minecraft:set_components",
              "components": {
                "minecraft:custom_data": "{gold_talisman:1b,monk_talisman_blessed:1b}",
                "minecraft:custom_name": "{\"text\":\"Strong Gold Talisman\",\"italic\":false}",
                "minecraft:lore": [
                  "{\"color\":\"gray\",\"italic\":false,\"text\":\"Enhances it's wearer with minor strength.\"}"
                ],
                "minecraft:profile": {
                  "id": [
                    1426657668,
                    -1743699330,
                    -1301236294,
                    1718940621
                  ],
                  "properties": [
                    {
                      "name": "textures",
                      "value": "eyJ0ZXh0dXJlcyI6eyJTS0lOIjp7InVybCI6Imh0dHA6Ly90ZXh0dXJlcy5taW5lY3JhZnQubmV0L3RleHR1cmUvYjRiOGU5MzkyNzg0NDkyYWM2MDNhNTJkMzE5MzdhODVkM2JmMTgzN2JiOTUxODcxN2M4ZjM3N2I5NzgwNjFiYiJ9fX0="
                    }
                  ]
                },
                "minecraft:item_model": "minecraft:player_head",
                "rarity": "rare",
                "enchantment_glint_override": true
              }
            },
            {
              "function": "minecraft:set_attributes",
              "modifiers": [
                {
                  "attribute": "minecraft:attack_damage",
                  "id": "gold_talisman_attack_damage",
                  "amount": {
                    "min": 1,
                    "max": 2
                  },
                  "operation": "add_value",
                  "slot": "offhand"
                },
                {
                  "attribute": "minecraft:attack_speed",
                  "id": "gold_talisman_attack_speed",
                  "amount": {
                    "min": 0.025,
                    "max": 0.25
                  },
                  "operation": "add_value",
                  "slot": "offhand"
                }
              ],
              "conditions": []
            }
          ]
        },
        {
          "type": "minecraft:item",
          "name": "minecraft:structure_block",
          "weight": 5,
          "functions": [
            {
              "function": "minecraft:set_components",
              "components": {
                "minecraft:custom_data": "{gold_talisman:1b,monk_talisman_blessed:1b}",
                "minecraft:custom_name": "{\"text\":\"Tough Gold Talisman\",\"italic\":false}",
                "minecraft:lore": [
                  "{\"color\":\"gray\",\"italic\":false,\"text\":\"Enhances it's wearer with minor vigor.\"}"
                ],
                "minecraft:profile": {
                  "id": [
                    1426657668,
                    -1743699330,
                    -1301236294,
                    1718940621
                  ],
                  "properties": [
                    {
                      "name": "textures",
                      "value": "eyJ0ZXh0dXJlcyI6eyJTS0lOIjp7InVybCI6Imh0dHA6Ly90ZXh0dXJlcy5taW5lY3JhZnQubmV0L3RleHR1cmUvYjRiOGU5MzkyNzg0NDkyYWM2MDNhNTJkMzE5MzdhODVkM2JmMTgzN2JiOTUxODcxN2M4ZjM3N2I5NzgwNjFiYiJ9fX0="
                    }
                  ]
                },
                "minecraft:item_model": "minecraft:player_head",
                "rarity": "rare",
                "enchantment_glint_override": true
              }
            },
            {
              "function": "minecraft:set_attributes",
              "modifiers": [
                {
                  "attribute": "minecraft:max_health",
                  "id": "gold_talisman_max_health",
                  "amount": {
                    "min": 1.5,
                    "max": 3.5
                  },
                  "operation": "add_value",
                  "slot": "offhand"
                },
                {
                  "attribute": "minecraft:armor",
                  "id": "gold_talisman_armor",
                  "amount": {
                    "min": 1.5,
                    "max": 3.5
                  },
                  "operation": "add_value",
                  "slot": "offhand"
                }
              ],
              "conditions": []
            }
          ]
        },
        {
          "type": "minecraft:item",
          "name": "minecraft:structure_block",
          "weight": 5,
          "functions": [
            {
              "function": "minecraft:set_components",
              "components": {
                "minecraft:custom_data": "{gold_talisman:1b,monk_talisman_blessed:1b}",
                "minecraft:custom_name": "{\"text\":\"Swift Gold Talisman\",\"italic\":false}",
                "minecraft:lore": [
                  "{\"color\":\"gray\",\"italic\":false,\"text\":\"Enhances it's wearer with minor agility.\"}"
                ],
                "minecraft:profile": {
                  "id": [
                    1426657668,
                    -1743699330,
                    -1301236294,
                    1718940621
                  ],
                  "properties": [
                    {
                      "name": "textures",
                      "value": "eyJ0ZXh0dXJlcyI6eyJTS0lOIjp7InVybCI6Imh0dHA6Ly90ZXh0dXJlcy5taW5lY3JhZnQubmV0L3RleHR1cmUvYjRiOGU5MzkyNzg0NDkyYWM2MDNhNTJkMzE5MzdhODVkM2JmMTgzN2JiOTUxODcxN2M4ZjM3N2I5NzgwNjFiYiJ9fX0="
                    }
                  ]
                },
                "minecraft:item_model": "minecraft:player_head",
                "rarity": "rare",
                "enchantment_glint_override": true
              }
            },
            {
              "function": "minecraft:set_attributes",
              "modifiers": [
                {
                  "attribute": "minecraft:movement_speed",
                  "id": "gold_talisman_movement_speed",
                  "amount": {
                    "min": 0.015,
                    "max": 0.025
                  },
                  "operation": "add_value",
                  "slot": "offhand"
                },
                {
                  "attribute": "minecraft:jump_strength",
                  "id": "gold_talisman_jump_strength",
                  "amount": {
                    "min": 0.025,
                    "max": 0.1
                  },
                  "operation": "add_value",
                  "slot": "offhand"
                }
              ],
              "conditions": []
            }
          ]
        },
        {
          "type": "minecraft:item",
          "name": "minecraft:structure_block",
          "weight": 3,
          "functions": [
            {
              "function": "minecraft:set_components",
              "components": {
                "minecraft:custom_data": "{gold_talisman:1b,monk_talisman_blessed:1b}",
                "minecraft:custom_name": "{\"text\":\"Fast Gold Talisman\",\"italic\":false}",
                "minecraft:lore": [
                  "{\"color\":\"gray\",\"italic\":false,\"text\":\"Enhances it's wearer with speed.\"}"
                ],
                "minecraft:profile": {
                  "id": [
                    1426657668,
                    -1743699330,
                    -1301236294,
                    1718940621
                  ],
                  "properties": [
                    {
                      "name": "textures",
                      "value": "eyJ0ZXh0dXJlcyI6eyJTS0lOIjp7InVybCI6Imh0dHA6Ly90ZXh0dXJlcy5taW5lY3JhZnQubmV0L3RleHR1cmUvYjRiOGU5MzkyNzg0NDkyYWM2MDNhNTJkMzE5MzdhODVkM2JmMTgzN2JiOTUxODcxN2M4ZjM3N2I5NzgwNjFiYiJ9fX0="
                    }
                  ]
                },
                "minecraft:item_model": "minecraft:player_head",
                "rarity": "rare",
                "enchantment_glint_override": true
              }
            },
            {
              "function": "minecraft:set_attributes",
              "modifiers": [
                {
                  "attribute": "minecraft:movement_speed",
                  "id": "gold_talisman_movement_speed",
                  "amount": {
                    "min": 0.025,
                    "max": 0.035
                  },
                  "operation": "add_value",
                  "slot": "offhand"
                }
              ],
              "conditions": []
            }
          ]
        },
        {
          "type": "minecraft:item",
          "name": "minecraft:structure_block",
          "weight": 3,
          "functions": [
            {
              "function": "minecraft:set_components",
              "components": {
                "minecraft:custom_data": "{gold_talisman:1b,monk_talisman_blessed:1b}",
                "minecraft:custom_name": "{\"text\":\"Springy Gold Talisman\",\"italic\":false}",
                "minecraft:lore": [
                  "{\"color\":\"gray\",\"italic\":false,\"text\":\"Enhances it's wearer with jump strength.\"}"
                ],
                "minecraft:profile": {
                  "id": [
                    1426657668,
                    -1743699330,
                    -1301236294,
                    1718940621
                  ],
                  "properties": [
                    {
                      "name": "textures",
                      "value": "eyJ0ZXh0dXJlcyI6eyJTS0lOIjp7InVybCI6Imh0dHA6Ly90ZXh0dXJlcy5taW5lY3JhZnQubmV0L3RleHR1cmUvYjRiOGU5MzkyNzg0NDkyYWM2MDNhNTJkMzE5MzdhODVkM2JmMTgzN2JiOTUxODcxN2M4ZjM3N2I5NzgwNjFiYiJ9fX0="
                    }
                  ]
                },
                "minecraft:item_model": "minecraft:player_head",
                "rarity": "rare",
                "enchantment_glint_override": true
              }
            },
            {
              "function": "minecraft:set_attributes",
              "modifiers": [
                {
                  "attribute": "minecraft:jump_strength",
                  "id": "gold_talisman_jump_strength",
                  "amount": {
                    "min": 0.1,
                    "max": 0.3
                  },
                  "operation": "add_value",
                  "slot": "offhand"
                }
              ],
              "conditions": []
            }
          ]
        },
        {
          "type": "minecraft:item",
          "name": "minecraft:structure_block",
          "weight": 2,
          "functions": [
            {
              "function": "minecraft:set_components",
              "components": {
                "minecraft:custom_data": "{gold_talisman:1b,monk_talisman_blessed:1b}",
                "minecraft:custom_name": "{\"text\":\"Healthy Gold Talisman\",\"italic\":false}",
                "minecraft:lore": [
                  "{\"color\":\"gray\",\"italic\":false,\"text\":\"Enhances it's wearer with extra health.\"}"
                ],
                "minecraft:profile": {
                  "id": [
                    1426657668,
                    -1743699330,
                    -1301236294,
                    1718940621
                  ],
                  "properties": [
                    {
                      "name": "textures",
                      "value": "eyJ0ZXh0dXJlcyI6eyJTS0lOIjp7InVybCI6Imh0dHA6Ly90ZXh0dXJlcy5taW5lY3JhZnQubmV0L3RleHR1cmUvYjRiOGU5MzkyNzg0NDkyYWM2MDNhNTJkMzE5MzdhODVkM2JmMTgzN2JiOTUxODcxN2M4ZjM3N2I5NzgwNjFiYiJ9fX0="
                    }
                  ]
                },
                "minecraft:item_model": "minecraft:player_head",
                "rarity": "rare",
                "enchantment_glint_override": true
              }
            },
            {
              "function": "minecraft:set_attributes",
              "modifiers": [
                {
                  "attribute": "minecraft:max_health",
                  "id": "gold_talisman_max_health",
                  "amount": {
                    "min": 2.5,
                    "max": 3.5
                  },
                  "operation": "add_value",
                  "slot": "offhand"
                }
              ],
              "conditions": []
            }
          ]
        },
        {
          "type": "minecraft:item",
          "name": "minecraft:structure_block",
          "weight": 2,
          "functions": [
            {
              "function": "minecraft:set_components",
              "components": {
                "minecraft:custom_data": "{gold_talisman:1b,monk_talisman_blessed:1b}",
                "minecraft:custom_name": "{\"text\":\"Armored Gold Talisman\",\"italic\":false}",
                "minecraft:lore": [
                  "{\"color\":\"gray\",\"italic\":false,\"text\":\"Enhances it's wearer with extra armor.\"}"
                ],
                "minecraft:profile": {
                  "id": [
                    1426657668,
                    -1743699330,
                    -1301236294,
                    1718940621
                  ],
                  "properties": [
                    {
                      "name": "textures",
                      "value": "eyJ0ZXh0dXJlcyI6eyJTS0lOIjp7InVybCI6Imh0dHA6Ly90ZXh0dXJlcy5taW5lY3JhZnQubmV0L3RleHR1cmUvYjRiOGU5MzkyNzg0NDkyYWM2MDNhNTJkMzE5MzdhODVkM2JmMTgzN2JiOTUxODcxN2M4ZjM3N2I5NzgwNjFiYiJ9fX0="
                    }
                  ]
                },
                "minecraft:item_model": "minecraft:player_head",
                "rarity": "rare",
                "enchantment_glint_override": true
              }
            },
            {
              "function": "minecraft:set_attributes",
              "modifiers": [
                {
                  "attribute": "minecraft:armor",
                  "id": "gold_talisman_armor",
                  "amount": {
                    "min": 2.5,
                    "max": 3.5
                  },
                  "operation": "add_value",
                  "slot": "offhand"
                }
              ],
              "conditions": []
            }
          ]
        },
        {
          "type": "minecraft:item",
          "name": "minecraft:structure_block",
          "weight": 1,
          "functions": [
            {
              "function": "minecraft:set_components",
              "components": {
                "minecraft:custom_data": "{gold_talisman:1b,monk_talisman_blessed:1b}",
                "minecraft:custom_name": "{\"text\":\"Powerful Gold Talisman\",\"italic\":false}",
                "minecraft:lore": [
                  "{\"color\":\"gray\",\"italic\":false,\"text\":\"Enhances it's wearer with extra attack damage.\"}"
                ],
                "minecraft:profile": {
                  "id": [
                    1426657668,
                    -1743699330,
                    -1301236294,
                    1718940621
                  ],
                  "properties": [
                    {
                      "name": "textures",
                      "value": "eyJ0ZXh0dXJlcyI6eyJTS0lOIjp7InVybCI6Imh0dHA6Ly90ZXh0dXJlcy5taW5lY3JhZnQubmV0L3RleHR1cmUvYjRiOGU5MzkyNzg0NDkyYWM2MDNhNTJkMzE5MzdhODVkM2JmMTgzN2JiOTUxODcxN2M4ZjM3N2I5NzgwNjFiYiJ9fX0="
                    }
                  ]
                },
                "minecraft:item_model": "minecraft:player_head",
                "rarity": "rare",
                "enchantment_glint_override": true
              }
            },
            {
              "function": "minecraft:set_attributes",
              "modifiers": [
                {
                  "attribute": "minecraft:attack_damage",
                  "id": "gold_talisman_attack_damage",
                  "amount": {
                    "min": 1.5,
                    "max": 2.5
                  },
                  "operation": "add_value",
                  "slot": "offhand"
                }
              ],
              "conditions": []
            }
          ]
        },
        {
          "type": "minecraft:item",
          "name": "minecraft:structure_block",
          "weight": 1,
          "functions": [
            {
              "function": "minecraft:set_components",
              "components": {
                "minecraft:custom_data": "{gold_talisman:1b,monk_talisman_blessed:1b}",
                "minecraft:custom_name": "{\"text\":\"Rapid Gold Talisman\",\"italic\":false}",
                "minecraft:lore": [
                  "{\"color\":\"gray\",\"italic\":false,\"text\":\"Enhances it's wearer with extra attack speed.\"}"
                ],
                "minecraft:profile": {
                  "id": [
                    1426657668,
                    -1743699330,
                    -1301236294,
                    1718940621
                  ],
                  "properties": [
                    {
                      "name": "textures",
                      "value": "eyJ0ZXh0dXJlcyI6eyJTS0lOIjp7InVybCI6Imh0dHA6Ly90ZXh0dXJlcy5taW5lY3JhZnQubmV0L3RleHR1cmUvYjRiOGU5MzkyNzg0NDkyYWM2MDNhNTJkMzE5MzdhODVkM2JmMTgzN2JiOTUxODcxN2M4ZjM3N2I5NzgwNjFiYiJ9fX0="
                    }
                  ]
                },
                "minecraft:item_model": "minecraft:player_head",
                "rarity": "rare",
                "enchantment_glint_override": true
              }
            },
            {
              "function": "minecraft:set_attributes",
              "modifiers": [
                {
                  "attribute": "minecraft:attack_speed",
                  "id": "gold_talisman_attack_speed",
                  "amount": {
                    "min": 0.15,
                    "max": 0.4
                  },
                  "operation": "add_value",
                  "slot": "offhand"
                }
              ],
              "conditions": []
            }
          ]
        },
        {
          "type": "minecraft:item",
          "name": "minecraft:structure_block",
          "weight": 5,
          "functions": [
            {
              "function": "minecraft:set_components",
              "components": {
                "minecraft:custom_data": "{gold_talisman:1b,monk_talisman_blessed:1b}",
                "minecraft:custom_name": "{\"text\":\"Immovable Gold Talisman\",\"italic\":false}",
                "minecraft:lore": [
                  "{\"color\":\"gray\",\"italic\":false,\"text\":\"Enhances it's wearer with size and knockback resistance.\"}"
                ],
                "minecraft:profile": {
                  "id": [
                    1426657668,
                    -1743699330,
                    -1301236294,
                    1718940621
                  ],
                  "properties": [
                    {
                      "name": "textures",
                      "value": "eyJ0ZXh0dXJlcyI6eyJTS0lOIjp7InVybCI6Imh0dHA6Ly90ZXh0dXJlcy5taW5lY3JhZnQubmV0L3RleHR1cmUvYjRiOGU5MzkyNzg0NDkyYWM2MDNhNTJkMzE5MzdhODVkM2JmMTgzN2JiOTUxODcxN2M4ZjM3N2I5NzgwNjFiYiJ9fX0="
                    }
                  ]
                },
                "minecraft:item_model": "minecraft:player_head",
                "rarity": "rare",
                "enchantment_glint_override": true
              }
            },
            {
              "function": "minecraft:set_attributes",
              "modifiers": [
                {
                  "attribute": "minecraft:scale",
                  "id": "gold_talisman_scale",
                  "amount": {
                    "min": 0.3,
                    "max": 0.4
                  },
                  "operation": "add_value",
                  "slot": "offhand"
                },
                {
                  "attribute": "minecraft:knockback_resistance",
                  "id": "gold_talisman_knockback_resistance",
                  "amount": {
                    "min": 0.25,
                    "max": 0.35
                  },
                  "operation": "add_value",
                  "slot": "offhand"
                }
              ],
              "conditions": []
            }
          ]
        },
        {
          "type": "minecraft:item",
          "name": "minecraft:structure_block",
          "weight": 3,
          "functions": [
            {
              "function": "minecraft:set_components",
              "components": {
                "minecraft:custom_data": "{gold_talisman:1b,monk_talisman_blessed:1b}",
                "minecraft:custom_name": "{\"text\":\"Grasping Gold Talisman\",\"italic\":false}",
                "minecraft:lore": [
                  "{\"color\":\"gray\",\"italic\":false,\"text\":\"Enhances it's wearer with extra reach.\"}"
                ],
                "minecraft:profile": {
                  "id": [
                    1426657668,
                    -1743699330,
                    -1301236294,
                    1718940621
                  ],
                  "properties": [
                    {
                      "name": "textures",
                      "value": "eyJ0ZXh0dXJlcyI6eyJTS0lOIjp7InVybCI6Imh0dHA6Ly90ZXh0dXJlcy5taW5lY3JhZnQubmV0L3RleHR1cmUvYjRiOGU5MzkyNzg0NDkyYWM2MDNhNTJkMzE5MzdhODVkM2JmMTgzN2JiOTUxODcxN2M4ZjM3N2I5NzgwNjFiYiJ9fX0="
                    }
                  ]
                },
                "minecraft:item_model": "minecraft:player_head",
                "rarity": "rare",
                "enchantment_glint_override": true
              }
            },
            {
              "function": "minecraft:set_attributes",
              "modifiers": [
                {
                  "attribute": "minecraft:entity_interaction_range",
                  "id": "gold_talisman_entity_interaction_range",
                  "amount": {
                    "min": 0.25,
                    "max": 0.7
                  },
                  "operation": "add_value",
                  "slot": "offhand"
                },
                {
                  "attribute": "minecraft:block_interaction_range",
                  "id": "gold_talisman_block_interaction_range",
                  "amount": {
                    "min": 0.25,
                    "max": 1.3
                  },
                  "operation": "add_value",
                  "slot": "offhand"
                }
              ],
              "conditions": []
            }
          ]
        },
        {
          "type": "minecraft:item",
          "name": "minecraft:structure_block",
          "weight": 3,
          "functions": [
            {
              "function": "minecraft:set_components",
              "components": {
                "minecraft:custom_data": "{gold_talisman:1b,monk_talisman_blessed:1b}",
                "minecraft:custom_name": "{\"text\":\"Aeroamphibious Gold Talisman\",\"italic\":false}",
                "minecraft:lore": [
                  "{\"color\":\"gray\",\"italic\":false,\"text\":\"Enhances it's wearer with increased breath and safe fall distance.\"}"
                ],
                "minecraft:profile": {
                  "id": [
                    1426657668,
                    -1743699330,
                    -1301236294,
                    1718940621
                  ],
                  "properties": [
                    {
                      "name": "textures",
                      "value": "eyJ0ZXh0dXJlcyI6eyJTS0lOIjp7InVybCI6Imh0dHA6Ly90ZXh0dXJlcy5taW5lY3JhZnQubmV0L3RleHR1cmUvYjRiOGU5MzkyNzg0NDkyYWM2MDNhNTJkMzE5MzdhODVkM2JmMTgzN2JiOTUxODcxN2M4ZjM3N2I5NzgwNjFiYiJ9fX0="
                    }
                  ]
                },
                "minecraft:item_model": "minecraft:player_head",
                "rarity": "rare",
                "enchantment_glint_override": true
              }
            },
            {
              "function": "minecraft:set_attributes",
              "modifiers": [
                {
                  "attribute": "minecraft:oxygen_bonus",
                  "id": "gold_talisman_oxygen_bonus",
                  "amount": {
                    "min": 5,
                    "max": 14
                  },
                  "operation": "add_value",
                  "slot": "offhand"
                },
                {
                  "attribute": "minecraft:safe_fall_distance",
                  "id": "gold_talisman_safe_fall_distance",
                  "amount": {
                    "min": 1.5,
                    "max": 4.5
                  },
                  "operation": "add_value",
                  "slot": "offhand"
                }
              ],
              "conditions": []
            }
          ]
        }
      ]
    }
  ]
}