{
  "type": "minecraft:chest",
  "pools": [
    {
      "rolls": 1,
      "entries": [
        {
          "type": "minecraft:item",
          "name": "minecraft:structure_block",
          "weight": 5,
          "functions": [
            {
              "function": "minecraft:set_components",
              "components": {
                "minecraft:custom_data": "{iron_talisman:1b,monk_talisman_blessed:1b}",
                "minecraft:custom_name": "{\"text\":\"Strong Iron Talisman\",\"italic\":false}",
                "minecraft:lore": [
                  "{\"color\":\"gray\",\"italic\":false,\"text\":\"Enhances it's wearer with minor strength.\"}"
                ],
                "minecraft:profile": {
                  "id": [
                    -1709054082,
                    -649179708,
                    -2084465556,
                    -1931402056
                  ],
                  "properties": [
                    {
                      "name": "textures",
                      "value": "eyJ0ZXh0dXJlcyI6eyJTS0lOIjp7InVybCI6Imh0dHA6Ly90ZXh0dXJlcy5taW5lY3JhZnQubmV0L3RleHR1cmUvMWU4MTI4M2QzNzY4ODIxOGM2MWMzNTYwNTRhYjdhODZjOTMxN2NjODU2ZDg3MzY3MDcwMjZkZTlkNzc1M2RkNSJ9fX0="
                    }
                  ]
                },
                "minecraft:item_model": "minecraft:player_head",
                "rarity": "uncommon",
                "enchantment_glint_override": true
              }
            },
            {
              "function": "minecraft:set_attributes",
              "modifiers": [
                {
                  "attribute": "minecraft:attack_damage",
                  "id": "iron_talisman_attack_damage",
                  "amount": {
                    "min": 0.5,
                    "max": 1.5
                  },
                  "operation": "add_value",
                  "slot": "offhand"
                },
                {
                  "attribute": "minecraft:attack_speed",
                  "id": "iron_talisman_attack_speed",
                  "amount": {
                    "min": 0.02,
                    "max": 0.15
                  },
                  "operation": "add_value",
                  "slot": "offhand"
                }
              ],
              "conditions": []
            }
          ]
        },
        {
          "type": "minecraft:item",
          "name": "minecraft:structure_block",
          "weight": 5,
          "functions": [
            {
              "function": "minecraft:set_components",
              "components": {
                "minecraft:custom_data": "{iron_talisman:1b,monk_talisman_blessed:1b}",
                "minecraft:custom_name": "{\"text\":\"Tough Iron Talisman\",\"italic\":false}",
                "minecraft:lore": [
                  "{\"color\":\"gray\",\"italic\":false,\"text\":\"Enhances it's wearer with minor vigor.\"}"
                ],
                "minecraft:profile": {
                  "id": [
                    -1709054082,
                    -649179708,
                    -2084465556,
                    -1931402056
                  ],
                  "properties": [
                    {
                      "name": "textures",
                      "value": "eyJ0ZXh0dXJlcyI6eyJTS0lOIjp7InVybCI6Imh0dHA6Ly90ZXh0dXJlcy5taW5lY3JhZnQubmV0L3RleHR1cmUvMWU4MTI4M2QzNzY4ODIxOGM2MWMzNTYwNTRhYjdhODZjOTMxN2NjODU2ZDg3MzY3MDcwMjZkZTlkNzc1M2RkNSJ9fX0="
                    }
                  ]
                },
                "minecraft:item_model": "minecraft:player_head",
                "rarity": "uncommon",
                "enchantment_glint_override": true
              }
            },
            {
              "function": "minecraft:set_attributes",
              "modifiers": [
                {
                  "attribute": "minecraft:max_health",
                  "id": "iron_talisman_max_health",
                  "amount": {
                    "min": 0.75,
                    "max": 2.75
                  },
                  "operation": "add_value",
                  "slot": "offhand"
                },
                {
                  "attribute": "minecraft:armor",
                  "id": "iron_talisman_armor",
                  "amount": {
                    "min": 0.75,
                    "max": 2.75
                  },
                  "operation": "add_value",
                  "slot": "offhand"
                }
              ],
              "conditions": []
            }
          ]
        },
        {
          "type": "minecraft:item",
          "name": "minecraft:structure_block",
          "weight": 5,
          "functions": [
            {
              "function": "minecraft:set_components",
              "components": {
                "minecraft:custom_data": "{iron_talisman:1b,monk_talisman_blessed:1b}",
                "minecraft:custom_name": "{\"text\":\"Swift Iron Talisman\",\"italic\":false}",
                "minecraft:lore": [
                  "{\"color\":\"gray\",\"italic\":false,\"text\":\"Enhances it's wearer with minor agility.\"}"
                ],
                "minecraft:profile": {
                  "id": [
                    -1709054082,
                    -649179708,
                    -2084465556,
                    -1931402056
                  ],
                  "properties": [
                    {
                      "name": "textures",
                      "value": "eyJ0ZXh0dXJlcyI6eyJTS0lOIjp7InVybCI6Imh0dHA6Ly90ZXh0dXJlcy5taW5lY3JhZnQubmV0L3RleHR1cmUvMWU4MTI4M2QzNzY4ODIxOGM2MWMzNTYwNTRhYjdhODZjOTMxN2NjODU2ZDg3MzY3MDcwMjZkZTlkNzc1M2RkNSJ9fX0="
                    }
                  ]
                },
                "minecraft:item_model": "minecraft:player_head",
                "rarity": "uncommon",
                "enchantment_glint_override": true
              }
            },
            {
              "function": "minecraft:set_attributes",
              "modifiers": [
                {
                  "attribute": "minecraft:movement_speed",
                  "id": "iron_talisman_movement_speed",
                  "amount": {
                    "min": 0.01,
                    "max": 0.02
                  },
                  "operation": "add_value",
                  "slot": "offhand"
                },
                {
                  "attribute": "minecraft:jump_strength",
                  "id": "iron_talisman_jump_strength",
                  "amount": {
                    "min": 0.01,
                    "max": 0.05
                  },
                  "operation": "add_value",
                  "slot": "offhand"
                }
              ],
              "conditions": []
            }
          ]
        },
        {
          "type": "minecraft:item",
          "name": "minecraft:structure_block",
          "weight": 3,
          "functions": [
            {
              "function": "minecraft:set_components",
              "components": {
                "minecraft:custom_data": "{iron_talisman:1b,monk_talisman_blessed:1b}",
                "minecraft:custom_name": "{\"text\":\"Fast Iron Talisman\",\"italic\":false}",
                "minecraft:lore": [
                  "{\"color\":\"gray\",\"italic\":false,\"text\":\"Enhances it's wearer with speed.\"}"
                ],
                "minecraft:profile": {
                  "id": [
                    -1709054082,
                    -649179708,
                    -2084465556,
                    -1931402056
                  ],
                  "properties": [
                    {
                      "name": "textures",
                      "value": "eyJ0ZXh0dXJlcyI6eyJTS0lOIjp7InVybCI6Imh0dHA6Ly90ZXh0dXJlcy5taW5lY3JhZnQubmV0L3RleHR1cmUvMWU4MTI4M2QzNzY4ODIxOGM2MWMzNTYwNTRhYjdhODZjOTMxN2NjODU2ZDg3MzY3MDcwMjZkZTlkNzc1M2RkNSJ9fX0="
                    }
                  ]
                },
                "minecraft:item_model": "minecraft:player_head",
                "rarity": "uncommon",
                "enchantment_glint_override": true
              }
            },
            {
              "function": "minecraft:set_attributes",
              "modifiers": [
                {
                  "attribute": "minecraft:movement_speed",
                  "id": "iron_talisman_movement_speed",
                  "amount": {
                    "min": 0.02,
                    "max": 0.03
                  },
                  "operation": "add_value",
                  "slot": "offhand"
                }
              ],
              "conditions": []
            }
          ]
        },
        {
          "type": "minecraft:item",
          "name": "minecraft:structure_block",
          "weight": 3,
          "functions": [
            {
              "function": "minecraft:set_components",
              "components": {
                "minecraft:custom_data": "{iron_talisman:1b,monk_talisman_blessed:1b}",
                "minecraft:custom_name": "{\"text\":\"Springy Iron Talisman\",\"italic\":false}",
                "minecraft:lore": [
                  "{\"color\":\"gray\",\"italic\":false,\"text\":\"Enhances it's wearer with jump strength.\"}"
                ],
                "minecraft:profile": {
                  "id": [
                    -1709054082,
                    -649179708,
                    -2084465556,
                    -1931402056
                  ],
                  "properties": [
                    {
                      "name": "textures",
                      "value": "eyJ0ZXh0dXJlcyI6eyJTS0lOIjp7InVybCI6Imh0dHA6Ly90ZXh0dXJlcy5taW5lY3JhZnQubmV0L3RleHR1cmUvMWU4MTI4M2QzNzY4ODIxOGM2MWMzNTYwNTRhYjdhODZjOTMxN2NjODU2ZDg3MzY3MDcwMjZkZTlkNzc1M2RkNSJ9fX0="
                    }
                  ]
                },
                "minecraft:item_model": "minecraft:player_head",
                "rarity": "uncommon",
                "enchantment_glint_override": true
              }
            },
            {
              "function": "minecraft:set_attributes",
              "modifiers": [
                {
                  "attribute": "minecraft:jump_strength",
                  "id": "iron_talisman_jump_strength",
                  "amount": {
                    "min": 0.05,
                    "max": 0.2
                  },
                  "operation": "add_value",
                  "slot": "offhand"
                }
              ],
              "conditions": []
            }
          ]
        },
        {
          "type": "minecraft:item",
          "name": "minecraft:structure_block",
          "weight": 2,
          "functions": [
            {
              "function": "minecraft:set_components",
              "components": {
                "minecraft:custom_data": "{iron_talisman:1b,monk_talisman_blessed:1b}",
                "minecraft:custom_name": "{\"text\":\"Healthy Iron Talisman\",\"italic\":false}",
                "minecraft:lore": [
                  "{\"color\":\"gray\",\"italic\":false,\"text\":\"Enhances it's wearer with extra health.\"}"
                ],
                "minecraft:profile": {
                  "id": [
                    -1709054082,
                    -649179708,
                    -2084465556,
                    -1931402056
                  ],
                  "properties": [
                    {
                      "name": "textures",
                      "value": "eyJ0ZXh0dXJlcyI6eyJTS0lOIjp7InVybCI6Imh0dHA6Ly90ZXh0dXJlcy5taW5lY3JhZnQubmV0L3RleHR1cmUvMWU4MTI4M2QzNzY4ODIxOGM2MWMzNTYwNTRhYjdhODZjOTMxN2NjODU2ZDg3MzY3MDcwMjZkZTlkNzc1M2RkNSJ9fX0="
                    }
                  ]
                },
                "minecraft:item_model": "minecraft:player_head",
                "rarity": "uncommon",
                "enchantment_glint_override": true
              }
            },
            {
              "function": "minecraft:set_attributes",
              "modifiers": [
                {
                  "attribute": "minecraft:max_health",
                  "id": "iron_talisman_max_health",
                  "amount": {
                    "min": 2,
                    "max": 3
                  },
                  "operation": "add_value",
                  "slot": "offhand"
                }
              ],
              "conditions": []
            }
          ]
        },
        {
          "type": "minecraft:item",
          "name": "minecraft:structure_block",
          "weight": 2,
          "functions": [
            {
              "function": "minecraft:set_components",
              "components": {
                "minecraft:custom_data": "{iron_talisman:1b,monk_talisman_blessed:1b}",
                "minecraft:custom_name": "{\"text\":\"Armored Iron Talisman\",\"italic\":false}",
                "minecraft:lore": [
                  "{\"color\":\"gray\",\"italic\":false,\"text\":\"Enhances it's wearer with extra armor.\"}"
                ],
                "minecraft:profile": {
                  "id": [
                    -1709054082,
                    -649179708,
                    -2084465556,
                    -1931402056
                  ],
                  "properties": [
                    {
                      "name": "textures",
                      "value": "eyJ0ZXh0dXJlcyI6eyJTS0lOIjp7InVybCI6Imh0dHA6Ly90ZXh0dXJlcy5taW5lY3JhZnQubmV0L3RleHR1cmUvMWU4MTI4M2QzNzY4ODIxOGM2MWMzNTYwNTRhYjdhODZjOTMxN2NjODU2ZDg3MzY3MDcwMjZkZTlkNzc1M2RkNSJ9fX0="
                    }
                  ]
                },
                "minecraft:item_model": "minecraft:player_head",
                "rarity": "uncommon",
                "enchantment_glint_override": true
              }
            },
            {
              "function": "minecraft:set_attributes",
              "modifiers": [
                {
                  "attribute": "minecraft:armor",
                  "id": "iron_talisman_armor",
                  "amount": {
                    "min": 2,
                    "max": 3
                  },
                  "operation": "add_value",
                  "slot": "offhand"
                }
              ],
              "conditions": []
            }
          ]
        },
        {
          "type": "minecraft:item",
          "name": "minecraft:structure_block",
          "weight": 1,
          "functions": [
            {
              "function": "minecraft:set_components",
              "components": {
                "minecraft:custom_data": "{iron_talisman:1b,monk_talisman_blessed:1b}",
                "minecraft:custom_name": "{\"text\":\"Powerful Iron Talisman\",\"italic\":false}",
                "minecraft:lore": [
                  "{\"color\":\"gray\",\"italic\":false,\"text\":\"Enhances it's wearer with extra attack damage.\"}"
                ],
                "minecraft:profile": {
                  "id": [
                    -1709054082,
                    -649179708,
                    -2084465556,
                    -1931402056
                  ],
                  "properties": [
                    {
                      "name": "textures",
                      "value": "eyJ0ZXh0dXJlcyI6eyJTS0lOIjp7InVybCI6Imh0dHA6Ly90ZXh0dXJlcy5taW5lY3JhZnQubmV0L3RleHR1cmUvMWU4MTI4M2QzNzY4ODIxOGM2MWMzNTYwNTRhYjdhODZjOTMxN2NjODU2ZDg3MzY3MDcwMjZkZTlkNzc1M2RkNSJ9fX0="
                    }
                  ]
                },
                "minecraft:item_model": "minecraft:player_head",
                "rarity": "uncommon",
                "enchantment_glint_override": true
              }
            },
            {
              "function": "minecraft:set_attributes",
              "modifiers": [
                {
                  "attribute": "minecraft:attack_damage",
                  "id": "iron_talisman_attack_damage",
                  "amount": {
                    "min": 1,
                    "max": 2
                  },
                  "operation": "add_value",
                  "slot": "offhand"
                }
              ],
              "conditions": []
            }
          ]
        },
        {
          "type": "minecraft:item",
          "name": "minecraft:structure_block",
          "weight": 1,
          "functions": [
            {
              "function": "minecraft:set_components",
              "components": {
                "minecraft:custom_data": "{iron_talisman:1b,monk_talisman_blessed:1b}",
                "minecraft:custom_name": "{\"text\":\"Rapid Iron Talisman\",\"italic\":false}",
                "minecraft:lore": [
                  "{\"color\":\"gray\",\"italic\":false,\"text\":\"Enhances it's wearer with extra attack speed.\"}"
                ],
                "minecraft:profile": {
                  "id": [
                    -1709054082,
                    -649179708,
                    -2084465556,
                    -1931402056
                  ],
                  "properties": [
                    {
                      "name": "textures",
                      "value": "eyJ0ZXh0dXJlcyI6eyJTS0lOIjp7InVybCI6Imh0dHA6Ly90ZXh0dXJlcy5taW5lY3JhZnQubmV0L3RleHR1cmUvMWU4MTI4M2QzNzY4ODIxOGM2MWMzNTYwNTRhYjdhODZjOTMxN2NjODU2ZDg3MzY3MDcwMjZkZTlkNzc1M2RkNSJ9fX0="
                    }
                  ]
                },
                "minecraft:item_model": "minecraft:player_head",
                "rarity": "uncommon",
                "enchantment_glint_override": true
              }
            },
            {
              "function": "minecraft:set_attributes",
              "modifiers": [
                {
                  "attribute": "minecraft:attack_speed",
                  "id": "iron_talisman_attack_speed",
                  "amount": {
                    "min": 0.1,
                    "max": 0.3
                  },
                  "operation": "add_value",
                  "slot": "offhand"
                }
              ],
              "conditions": []
            }
          ]
        },
        {
          "type": "minecraft:item",
          "name": "minecraft:structure_block",
          "weight": 5,
          "functions": [
            {
              "function": "minecraft:set_components",
              "components": {
                "minecraft:custom_data": "{iron_talisman:1b,monk_talisman_blessed:1b}",
                "minecraft:custom_name": "{\"text\":\"Immovable Iron Talisman\",\"italic\":false}",
                "minecraft:lore": [
                  "{\"color\":\"gray\",\"italic\":false,\"text\":\"Enhances it's wearer with size and knockback resistance.\"}"
                ],
                "minecraft:profile": {
                  "id": [
                    -1709054082,
                    -649179708,
                    -2084465556,
                    -1931402056
                  ],
                  "properties": [
                    {
                      "name": "textures",
                      "value": "eyJ0ZXh0dXJlcyI6eyJTS0lOIjp7InVybCI6Imh0dHA6Ly90ZXh0dXJlcy5taW5lY3JhZnQubmV0L3RleHR1cmUvMWU4MTI4M2QzNzY4ODIxOGM2MWMzNTYwNTRhYjdhODZjOTMxN2NjODU2ZDg3MzY3MDcwMjZkZTlkNzc1M2RkNSJ9fX0="
                    }
                  ]
                },
                "minecraft:item_model": "minecraft:player_head",
                "rarity": "uncommon",
                "enchantment_glint_override": true
              }
            },
            {
              "function": "minecraft:set_attributes",
              "modifiers": [
                {
                  "attribute": "minecraft:scale",
                  "id": "iron_talisman_scale",
                  "amount": {
                    "min": 0.2,
                    "max": 0.35
                  },
                  "operation": "add_value",
                  "slot": "offhand"
                },
                {
                  "attribute": "minecraft:knockback_resistance",
                  "id": "iron_talisman_knockback_resistance",
                  "amount": {
                    "min": 0.2,
                    "max": 0.3
                  },
                  "operation": "add_value",
                  "slot": "offhand"
                }
              ],
              "conditions": []
            }
          ]
        },
        {
          "type": "minecraft:item",
          "name": "minecraft:structure_block",
          "weight": 3,
          "functions": [
            {
              "function": "minecraft:set_components",
              "components": {
                "minecraft:custom_data": "{iron_talisman:1b,monk_talisman_blessed:1b}",
                "minecraft:custom_name": "{\"text\":\"Grasping Iron Talisman\",\"italic\":false}",
                "minecraft:lore": [
                  "{\"color\":\"gray\",\"italic\":false,\"text\":\"Enhances it's wearer with extra reach.\"}"
                ],
                "minecraft:profile": {
                  "id": [
                    -1709054082,
                    -649179708,
                    -2084465556,
                    -1931402056
                  ],
                  "properties": [
                    {
                      "name": "textures",
                      "value": "eyJ0ZXh0dXJlcyI6eyJTS0lOIjp7InVybCI6Imh0dHA6Ly90ZXh0dXJlcy5taW5lY3JhZnQubmV0L3RleHR1cmUvMWU4MTI4M2QzNzY4ODIxOGM2MWMzNTYwNTRhYjdhODZjOTMxN2NjODU2ZDg3MzY3MDcwMjZkZTlkNzc1M2RkNSJ9fX0="
                    }
                  ]
                },
                "minecraft:item_model": "minecraft:player_head",
                "rarity": "uncommon",
                "enchantment_glint_override": true
              }
            },
            {
              "function": "minecraft:set_attributes",
              "modifiers": [
                {
                  "attribute": "minecraft:entity_interaction_range",
                  "id": "iron_talisman_entity_interaction_range",
                  "amount": {
                    "min": 0.2,
                    "max": 0.6
                  },
                  "operation": "add_value",
                  "slot": "offhand"
                },
                {
                  "attribute": "minecraft:block_interaction_range",
                  "id": "iron_talisman_block_interaction_range",
                  "amount": {
                    "min": 0.2,
                    "max": 1.2
                  },
                  "operation": "add_value",
                  "slot": "offhand"
                }
              ],
              "conditions": []
            }
          ]
        },
        {
          "type": "minecraft:item",
          "name": "minecraft:structure_block",
          "weight": 3,
          "functions": [
            {
              "function": "minecraft:set_components",
              "components": {
                "minecraft:custom_data": "{iron_talisman:1b,monk_talisman_blessed:1b}",
                "minecraft:custom_name": "{\"text\":\"Aeroamphibious Iron Talisman\",\"italic\":false}",
                "minecraft:lore": [
                  "{\"color\":\"gray\",\"italic\":false,\"text\":\"Enhances it's wearer with increased breath and safe fall distance.\"}"
                ],
                "minecraft:profile": {
                  "id": [
                    -1709054082,
                    -649179708,
                    -2084465556,
                    -1931402056
                  ],
                  "properties": [
                    {
                      "name": "textures",
                      "value": "eyJ0ZXh0dXJlcyI6eyJTS0lOIjp7InVybCI6Imh0dHA6Ly90ZXh0dXJlcy5taW5lY3JhZnQubmV0L3RleHR1cmUvMWU4MTI4M2QzNzY4ODIxOGM2MWMzNTYwNTRhYjdhODZjOTMxN2NjODU2ZDg3MzY3MDcwMjZkZTlkNzc1M2RkNSJ9fX0="
                    }
                  ]
                },
                "minecraft:item_model": "minecraft:player_head",
                "rarity": "uncommon",
                "enchantment_glint_override": true
              }
            },
            {
              "function": "minecraft:set_attributes",
              "modifiers": [
                {
                  "attribute": "minecraft:oxygen_bonus",
                  "id": "iron_talisman_oxygen_bonus",
                  "amount": {
                    "min": 4,
                    "max": 12
                  },
                  "operation": "add_value",
                  "slot": "offhand"
                },
                {
                  "attribute": "minecraft:safe_fall_distance",
                  "id": "iron_talisman_safe_fall_distance",
                  "amount": {
                    "min": 1,
                    "max": 4
                  },
                  "operation": "add_value",
                  "slot": "offhand"
                }
              ],
              "conditions": []
            }
          ]
        }
      ]
    }
  ]
}