{
  "type": "minecraft:chest",
  "pools": [
    {
      "rolls": 1,
      "entries": [
        {
          "type": "minecraft:item",
          "name": "minecraft:structure_block",
          "weight": 5,
          "functions": [
            {
              "function": "minecraft:set_components",
              "components": {
                "minecraft:custom_data": "{leather_talisman:1b,monk_talisman_blessed:1b}",
                "minecraft:custom_name": "{\"text\":\"Strong Leather Talisman\",\"italic\":false}",
                "minecraft:lore": [
                  "{\"color\":\"gray\",\"italic\":false,\"text\":\"Enhances it's wearer with minor strength.\"}"
                ],
                "minecraft:profile": {
                  "id": [
                    -1600424284,
                    -1128509516,
                    -2043606886,
                    -1722096336
                  ],
                  "properties": [
                    {
                      "name": "textures",
                      "value": "eyJ0ZXh0dXJlcyI6eyJTS0lOIjp7InVybCI6Imh0dHA6Ly90ZXh0dXJlcy5taW5lY3JhZnQubmV0L3RleHR1cmUvYzY2ODQ0MDkyZjY4M2U4YWRlZWJhMjMxNWNiYmViMjdkMWY2N2Q2ZWY1NGQwZDYxZmM5MzBkMzE1ZDk4YmYyZSJ9fX0="
                    }
                  ]
                },
                "minecraft:item_model": "minecraft:player_head",
                "rarity": "uncommon",
                "enchantment_glint_override": true
              }
            },
            {
              "function": "minecraft:set_attributes",
              "modifiers": [
                {
                  "attribute": "minecraft:attack_damage",
                  "id": "leather_talisman_attack_damage",
                  "amount": {
                    "min": 0,
                    "max": 1
                  },
                  "operation": "add_value",
                  "slot": "offhand"
                },
                {
                  "attribute": "minecraft:attack_speed",
                  "id": "leather_talisman_attack_speed",
                  "amount": {
                    "min": 0,
                    "max": 0.1
                  },
                  "operation": "add_value",
                  "slot": "offhand"
                }
              ],
              "conditions": []
            }
          ]
        },
        {
          "type": "minecraft:item",
          "name": "minecraft:structure_block",
          "weight": 5,
          "functions": [
            {
              "function": "minecraft:set_components",
              "components": {
                "minecraft:custom_data": "{leather_talisman:1b,monk_talisman_blessed:1b}",
                "minecraft:custom_name": "{\"text\":\"Tough Leather Talisman\",\"italic\":false}",
                "minecraft:lore": [
                  "{\"color\":\"gray\",\"italic\":false,\"text\":\"Enhances it's wearer with minor vigor.\"}"
                ],
                "minecraft:profile": {
                  "id": [
                    -1600424284,
                    -1128509516,
                    -2043606886,
                    -1722096336
                  ],
                  "properties": [
                    {
                      "name": "textures",
                      "value": "eyJ0ZXh0dXJlcyI6eyJTS0lOIjp7InVybCI6Imh0dHA6Ly90ZXh0dXJlcy5taW5lY3JhZnQubmV0L3RleHR1cmUvYzY2ODQ0MDkyZjY4M2U4YWRlZWJhMjMxNWNiYmViMjdkMWY2N2Q2ZWY1NGQwZDYxZmM5MzBkMzE1ZDk4YmYyZSJ9fX0="
                    }
                  ]
                },
                "minecraft:item_model": "minecraft:player_head",
                "rarity": "uncommon",
                "enchantment_glint_override": true
              }
            },
            {
              "function": "minecraft:set_attributes",
              "modifiers": [
                {
                  "attribute": "minecraft:max_health",
                  "id": "leather_talisman_max_health",
                  "amount": {
                    "min": 0,
                    "max": 2
                  },
                  "operation": "add_value",
                  "slot": "offhand"
                },
                {
                  "attribute": "minecraft:armor",
                  "id": "leather_talisman_armor",
                  "amount": {
                    "min": 0,
                    "max": 2
                  },
                  "operation": "add_value",
                  "slot": "offhand"
                }
              ],
              "conditions": []
            }
          ]
        },
        {
          "type": "minecraft:item",
          "name": "minecraft:structure_block",
          "weight": 5,
          "functions": [
            {
              "function": "minecraft:set_components",
              "components": {
                "minecraft:custom_data": "{leather_talisman:1b,monk_talisman_blessed:1b}",
                "minecraft:custom_name": "{\"text\":\"Swift Leather Talisman\",\"italic\":false}",
                "minecraft:lore": [
                  "{\"color\":\"gray\",\"italic\":false,\"text\":\"Enhances it's wearer with minor agility.\"}"
                ],
                "minecraft:profile": {
                  "id": [
                    -1600424284,
                    -1128509516,
                    -2043606886,
                    -1722096336
                  ],
                  "properties": [
                    {
                      "name": "textures",
                      "value": "eyJ0ZXh0dXJlcyI6eyJTS0lOIjp7InVybCI6Imh0dHA6Ly90ZXh0dXJlcy5taW5lY3JhZnQubmV0L3RleHR1cmUvYzY2ODQ0MDkyZjY4M2U4YWRlZWJhMjMxNWNiYmViMjdkMWY2N2Q2ZWY1NGQwZDYxZmM5MzBkMzE1ZDk4YmYyZSJ9fX0="
                    }
                  ]
                },
                "minecraft:item_model": "minecraft:player_head",
                "rarity": "uncommon",
                "enchantment_glint_override": true
              }
            },
            {
              "function": "minecraft:set_attributes",
              "modifiers": [
                {
                  "attribute": "minecraft:movement_speed",
                  "id": "leather_talisman_movement_speed",
                  "amount": {
                    "min": 0,
                    "max": 0.01
                  },
                  "operation": "add_value",
                  "slot": "offhand"
                },
                {
                  "attribute": "minecraft:jump_strength",
                  "id": "leather_talisman_jump_strength",
                  "amount": {
                    "min": 0,
                    "max": 0.1
                  },
                  "operation": "add_value",
                  "slot": "offhand"
                }
              ],
              "conditions": []
            }
          ]
        },
        {
          "type": "minecraft:item",
          "name": "minecraft:structure_block",
          "weight": 3,
          "functions": [
            {
              "function": "minecraft:set_components",
              "components": {
                "minecraft:custom_data": "{leather_talisman:1b,monk_talisman_blessed:1b}",
                "minecraft:custom_name": "{\"text\":\"Fast Leather Talisman\",\"italic\":false}",
                "minecraft:lore": [
                  "{\"color\":\"gray\",\"italic\":false,\"text\":\"Enhances it's wearer with speed.\"}"
                ],
                "minecraft:profile": {
                  "id": [
                    -1600424284,
                    -1128509516,
                    -2043606886,
                    -1722096336
                  ],
                  "properties": [
                    {
                      "name": "textures",
                      "value": "eyJ0ZXh0dXJlcyI6eyJTS0lOIjp7InVybCI6Imh0dHA6Ly90ZXh0dXJlcy5taW5lY3JhZnQubmV0L3RleHR1cmUvYzY2ODQ0MDkyZjY4M2U4YWRlZWJhMjMxNWNiYmViMjdkMWY2N2Q2ZWY1NGQwZDYxZmM5MzBkMzE1ZDk4YmYyZSJ9fX0="
                    }
                  ]
                },
                "minecraft:item_model": "minecraft:player_head",
                "rarity": "uncommon",
                "enchantment_glint_override": true
              }
            },
            {
              "function": "minecraft:set_attributes",
              "modifiers": [
                {
                  "attribute": "minecraft:movement_speed",
                  "id": "leather_talisman_movement_speed",
                  "amount": {
                    "min": 0.01,
                    "max": 0.02
                  },
                  "operation": "add_value",
                  "slot": "offhand"
                }
              ],
              "conditions": []
            }
          ]
        },
        {
          "type": "minecraft:item",
          "name": "minecraft:structure_block",
          "weight": 3,
          "functions": [
            {
              "function": "minecraft:set_components",
              "components": {
                "minecraft:custom_data": "{leather_talisman:1b,monk_talisman_blessed:1b}",
                "minecraft:custom_name": "{\"text\":\"Springy Leather Talisman\",\"italic\":false}",
                "minecraft:lore": [
                  "{\"color\":\"gray\",\"italic\":false,\"text\":\"Enhances it's wearer with jump strength.\"}"
                ],
                "minecraft:profile": {
                  "id": [
                    -1600424284,
                    -1128509516,
                    -2043606886,
                    -1722096336
                  ],
                  "properties": [
                    {
                      "name": "textures",
                      "value": "eyJ0ZXh0dXJlcyI6eyJTS0lOIjp7InVybCI6Imh0dHA6Ly90ZXh0dXJlcy5taW5lY3JhZnQubmV0L3RleHR1cmUvYzY2ODQ0MDkyZjY4M2U4YWRlZWJhMjMxNWNiYmViMjdkMWY2N2Q2ZWY1NGQwZDYxZmM5MzBkMzE1ZDk4YmYyZSJ9fX0="
                    }
                  ]
                },
                "minecraft:item_model": "minecraft:player_head",
                "rarity": "uncommon",
                "enchantment_glint_override": true
              }
            },
            {
              "function": "minecraft:set_attributes",
              "modifiers": [
                {
                  "attribute": "minecraft:jump_strength",
                  "id": "leather_talisman_jump_strength",
                  "amount": {
                    "min": 0.025,
                    "max": 0.15
                  },
                  "operation": "add_value",
                  "slot": "offhand"
                }
              ],
              "conditions": []
            }
          ]
        },
        {
          "type": "minecraft:item",
          "name": "minecraft:structure_block",
          "weight": 2,
          "functions": [
            {
              "function": "minecraft:set_components",
              "components": {
                "minecraft:custom_data": "{leather_talisman:1b,monk_talisman_blessed:1b}",
                "minecraft:custom_name": "{\"text\":\"Healthy Leather Talisman\",\"italic\":false}",
                "minecraft:lore": [
                  "{\"color\":\"gray\",\"italic\":false,\"text\":\"Enhances it's wearer with extra health.\"}"
                ],
                "minecraft:profile": {
                  "id": [
                    -1600424284,
                    -1128509516,
                    -2043606886,
                    -1722096336
                  ],
                  "properties": [
                    {
                      "name": "textures",
                      "value": "eyJ0ZXh0dXJlcyI6eyJTS0lOIjp7InVybCI6Imh0dHA6Ly90ZXh0dXJlcy5taW5lY3JhZnQubmV0L3RleHR1cmUvYzY2ODQ0MDkyZjY4M2U4YWRlZWJhMjMxNWNiYmViMjdkMWY2N2Q2ZWY1NGQwZDYxZmM5MzBkMzE1ZDk4YmYyZSJ9fX0="
                    }
                  ]
                },
                "minecraft:item_model": "minecraft:player_head",
                "rarity": "uncommon",
                "enchantment_glint_override": true
              }
            },
            {
              "function": "minecraft:set_attributes",
              "modifiers": [
                {
                  "attribute": "minecraft:max_health",
                  "id": "leather_talisman_max_health",
                  "amount": {
                    "min": 1.5,
                    "max": 2.5
                  },
                  "operation": "add_value",
                  "slot": "offhand"
                }
              ],
              "conditions": []
            }
          ]
        },
        {
          "type": "minecraft:item",
          "name": "minecraft:structure_block",
          "weight": 2,
          "functions": [
            {
              "function": "minecraft:set_components",
              "components": {
                "minecraft:custom_data": "{leather_talisman:1b,monk_talisman_blessed:1b}",
                "minecraft:custom_name": "{\"text\":\"Armored Leather Talisman\",\"italic\":false}",
                "minecraft:lore": [
                  "{\"color\":\"gray\",\"italic\":false,\"text\":\"Enhances it's wearer with extra armor.\"}"
                ],
                "minecraft:profile": {
                  "id": [
                    -1600424284,
                    -1128509516,
                    -2043606886,
                    -1722096336
                  ],
                  "properties": [
                    {
                      "name": "textures",
                      "value": "eyJ0ZXh0dXJlcyI6eyJTS0lOIjp7InVybCI6Imh0dHA6Ly90ZXh0dXJlcy5taW5lY3JhZnQubmV0L3RleHR1cmUvYzY2ODQ0MDkyZjY4M2U4YWRlZWJhMjMxNWNiYmViMjdkMWY2N2Q2ZWY1NGQwZDYxZmM5MzBkMzE1ZDk4YmYyZSJ9fX0="
                    }
                  ]
                },
                "minecraft:item_model": "minecraft:player_head",
                "rarity": "uncommon",
                "enchantment_glint_override": true
              }
            },
            {
              "function": "minecraft:set_attributes",
              "modifiers": [
                {
                  "attribute": "minecraft:armor",
                  "id": "leather_talisman_armor",
                  "amount": {
                    "min": 1.5,
                    "max": 2.5
                  },
                  "operation": "add_value",
                  "slot": "offhand"
                }
              ],
              "conditions": []
            }
          ]
        },
        {
          "type": "minecraft:item",
          "name": "minecraft:structure_block",
          "weight": 1,
          "functions": [
            {
              "function": "minecraft:set_components",
              "components": {
                "minecraft:custom_data": "{leather_talisman:1b,monk_talisman_blessed:1b}",
                "minecraft:custom_name": "{\"text\":\"Powerful Leather Talisman\",\"italic\":false}",
                "minecraft:lore": [
                  "{\"color\":\"gray\",\"italic\":false,\"text\":\"Enhances it's wearer with extra attack damage.\"}"
                ],
                "minecraft:profile": {
                  "id": [
                    -1600424284,
                    -1128509516,
                    -2043606886,
                    -1722096336
                  ],
                  "properties": [
                    {
                      "name": "textures",
                      "value": "eyJ0ZXh0dXJlcyI6eyJTS0lOIjp7InVybCI6Imh0dHA6Ly90ZXh0dXJlcy5taW5lY3JhZnQubmV0L3RleHR1cmUvYzY2ODQ0MDkyZjY4M2U4YWRlZWJhMjMxNWNiYmViMjdkMWY2N2Q2ZWY1NGQwZDYxZmM5MzBkMzE1ZDk4YmYyZSJ9fX0="
                    }
                  ]
                },
                "minecraft:item_model": "minecraft:player_head",
                "rarity": "uncommon",
                "enchantment_glint_override": true
              }
            },
            {
              "function": "minecraft:set_attributes",
              "modifiers": [
                {
                  "attribute": "minecraft:attack_damage",
                  "id": "leather_talisman_attack_damage",
                  "amount": {
                    "min": 0.5,
                    "max": 1.5
                  },
                  "operation": "add_value",
                  "slot": "offhand"
                }
              ],
              "conditions": []
            }
          ]
        },
        {
          "type": "minecraft:item",
          "name": "minecraft:structure_block",
          "weight": 1,
          "functions": [
            {
              "function": "minecraft:set_components",
              "components": {
                "minecraft:custom_data": "{leather_talisman:1b,monk_talisman_blessed:1b}",
                "minecraft:custom_name": "{\"text\":\"Rapid Leather Talisman\",\"italic\":false}",
                "minecraft:lore": [
                  "{\"color\":\"gray\",\"italic\":false,\"text\":\"Enhances it's wearer with extra attack speed.\"}"
                ],
                "minecraft:profile": {
                  "id": [
                    -1600424284,
                    -1128509516,
                    -2043606886,
                    -1722096336
                  ],
                  "properties": [
                    {
                      "name": "textures",
                      "value": "eyJ0ZXh0dXJlcyI6eyJTS0lOIjp7InVybCI6Imh0dHA6Ly90ZXh0dXJlcy5taW5lY3JhZnQubmV0L3RleHR1cmUvYzY2ODQ0MDkyZjY4M2U4YWRlZWJhMjMxNWNiYmViMjdkMWY2N2Q2ZWY1NGQwZDYxZmM5MzBkMzE1ZDk4YmYyZSJ9fX0="
                    }
                  ]
                },
                "minecraft:item_model": "minecraft:player_head",
                "rarity": "uncommon",
                "enchantment_glint_override": true
              }
            },
            {
              "function": "minecraft:set_attributes",
              "modifiers": [
                {
                  "attribute": "minecraft:attack_speed",
                  "id": "leather_talisman_attack_speed",
                  "amount": {
                    "min": 0.05,
                    "max": 0.25
                  },
                  "operation": "add_value",
                  "slot": "offhand"
                }
              ],
              "conditions": []
            }
          ]
        },
        {
          "type": "minecraft:item",
          "name": "minecraft:structure_block",
          "weight": 5,
          "functions": [
            {
              "function": "minecraft:set_components",
              "components": {
                "minecraft:custom_data": "{leather_talisman:1b,monk_talisman_blessed:1b}",
                "minecraft:custom_name": "{\"text\":\"Immovable Leather Talisman\",\"italic\":false}",
                "minecraft:lore": [
                  "{\"color\":\"gray\",\"italic\":false,\"text\":\"Enhances it's wearer with size and knockback resistance.\"}"
                ],
                "minecraft:profile": {
                  "id": [
                    -1600424284,
                    -1128509516,
                    -2043606886,
                    -1722096336
                  ],
                  "properties": [
                    {
                      "name": "textures",
                      "value": "eyJ0ZXh0dXJlcyI6eyJTS0lOIjp7InVybCI6Imh0dHA6Ly90ZXh0dXJlcy5taW5lY3JhZnQubmV0L3RleHR1cmUvYzY2ODQ0MDkyZjY4M2U4YWRlZWJhMjMxNWNiYmViMjdkMWY2N2Q2ZWY1NGQwZDYxZmM5MzBkMzE1ZDk4YmYyZSJ9fX0="
                    }
                  ]
                },
                "minecraft:item_model": "minecraft:player_head",
                "rarity": "uncommon",
                "enchantment_glint_override": true
              }
            },
            {
              "function": "minecraft:set_attributes",
              "modifiers": [
                {
                  "attribute": "minecraft:scale",
                  "id": "leather_talisman_scale",
                  "amount": {
                    "min": 0.1,
                    "max": 0.25
                  },
                  "operation": "add_value",
                  "slot": "offhand"
                },
                {
                  "attribute": "minecraft:knockback_resistance",
                  "id": "leather_talisman_knockback_resistance",
                  "amount": {
                    "min": 0.1,
                    "max": 0.2
                  },
                  "operation": "add_value",
                  "slot": "offhand"
                }
              ],
              "conditions": []
            }
          ]
        },
        {
          "type": "minecraft:item",
          "name": "minecraft:structure_block",
          "weight": 3,
          "functions": [
            {
              "function": "minecraft:set_components",
              "components": {
                "minecraft:custom_data": "{leather_talisman:1b,monk_talisman_blessed:1b}",
                "minecraft:custom_name": "{\"text\":\"Grasping Leather Talisman\",\"italic\":false}",
                "minecraft:lore": [
                  "{\"color\":\"gray\",\"italic\":false,\"text\":\"Enhances it's wearer with extra reach.\"}"
                ],
                "minecraft:profile": {
                  "id": [
                    -1600424284,
                    -1128509516,
                    -2043606886,
                    -1722096336
                  ],
                  "properties": [
                    {
                      "name": "textures",
                      "value": "eyJ0ZXh0dXJlcyI6eyJTS0lOIjp7InVybCI6Imh0dHA6Ly90ZXh0dXJlcy5taW5lY3JhZnQubmV0L3RleHR1cmUvYzY2ODQ0MDkyZjY4M2U4YWRlZWJhMjMxNWNiYmViMjdkMWY2N2Q2ZWY1NGQwZDYxZmM5MzBkMzE1ZDk4YmYyZSJ9fX0="
                    }
                  ]
                },
                "minecraft:item_model": "minecraft:player_head",
                "rarity": "uncommon",
                "enchantment_glint_override": true
              }
            },
            {
              "function": "minecraft:set_attributes",
              "modifiers": [
                {
                  "attribute": "minecraft:entity_interaction_range",
                  "id": "leather_talisman_entity_interaction_range",
                  "amount": {
                    "min": 0,
                    "max": 0.4
                  },
                  "operation": "add_value",
                  "slot": "offhand"
                },
                {
                  "attribute": "minecraft:block_interaction_range",
                  "id": "leather_talisman_block_interaction_range",
                  "amount": {
                    "min": 0.1,
                    "max": 1
                  },
                  "operation": "add_value",
                  "slot": "offhand"
                }
              ],
              "conditions": []
            }
          ]
        },
        {
          "type": "minecraft:item",
          "name": "minecraft:structure_block",
          "weight": 3,
          "functions": [
            {
              "function": "minecraft:set_components",
              "components": {
                "minecraft:custom_data": "{leather_talisman:1b,monk_talisman_blessed:1b}",
                "minecraft:custom_name": "{\"text\":\"Aeroamphibious Leather Talisman\",\"italic\":false}",
                "minecraft:lore": [
                  "{\"color\":\"gray\",\"italic\":false,\"text\":\"Enhances it's wearer with increased breath and safe fall distance.\"}"
                ],
                "minecraft:profile": {
                  "id": [
                    -1600424284,
                    -1128509516,
                    -2043606886,
                    -1722096336
                  ],
                  "properties": [
                    {
                      "name": "textures",
                      "value": "eyJ0ZXh0dXJlcyI6eyJTS0lOIjp7InVybCI6Imh0dHA6Ly90ZXh0dXJlcy5taW5lY3JhZnQubmV0L3RleHR1cmUvYzY2ODQ0MDkyZjY4M2U4YWRlZWJhMjMxNWNiYmViMjdkMWY2N2Q2ZWY1NGQwZDYxZmM5MzBkMzE1ZDk4YmYyZSJ9fX0="
                    }
                  ]
                },
                "minecraft:item_model": "minecraft:player_head",
                "rarity": "uncommon",
                "enchantment_glint_override": true
              }
            },
            {
              "function": "minecraft:set_attributes",
              "modifiers": [
                {
                  "attribute": "minecraft:oxygen_bonus",
                  "id": "leather_talisman_oxygen_bonus",
                  "amount": {
                    "min": 2,
                    "max": 10
                  },
                  "operation": "add_value",
                  "slot": "offhand"
                },
                {
                  "attribute": "minecraft:safe_fall_distance",
                  "id": "leather_talisman_safe_fall_distance",
                  "amount": {
                    "min": 0,
                    "max": 3
                  },
                  "operation": "add_value",
                  "slot": "offhand"
                }
              ],
              "conditions": []
            }
          ]
        }
      ]
    }
  ]
}