{
  "type": "minecraft:chest",
  "pools": [
    {
      "rolls": 1,
      "entries": [
        {
          "type": "minecraft:item",
          "name": "minecraft:structure_block",
          "weight": 5,
          "functions": [
            {
              "function": "minecraft:set_components",
              "components": {
                "minecraft:custom_data": "{netherite_talisman:1b,monk_talisman_blessed:1b}",
                "minecraft:custom_name": "{\"text\":\"Strong Netherite Talisman\",\"italic\":false}",
                "minecraft:lore": [
                  "{\"color\":\"gray\",\"italic\":false,\"text\":\"Enhances it's wearer with minor strength.\"}"
                ],
                "minecraft:profile": {
                  "id": [
                    1785241254,
                    -1615706128,
                    -2100989059,
                    1105833795
                  ],
                  "properties": [
                    {
                      "name": "textures",
                      "value": "eyJ0ZXh0dXJlcyI6eyJTS0lOIjp7InVybCI6Imh0dHA6Ly90ZXh0dXJlcy5taW5lY3JhZnQubmV0L3RleHR1cmUvNTI4Y2ZkMDY0YmQ0ODY2NmU2YTczOGMxNTJhNWZiYjA0MmJhNzJiNWU5MjkxMmUzZTJmNjk1MWVhOGYyNWQyZSJ9fX0="
                    }
                  ]
                },
                  "minecraft:item_model": "minecraft:player_head",
                  "rarity": "epic"
              }
            },
            {
              "function": "minecraft:set_attributes",
              "modifiers": [
                {
                  "attribute": "minecraft:attack_damage",
                  "id": "netherite_talisman_attack_damage",
                  "amount": {
                    "min": 2,
                    "max": 3
                  },
                  "operation": "add_value",
                  "slot": "offhand"
                },
                {
                  "attribute": "minecraft:attack_speed",
                  "id": "netherite_talisman_attack_speed",
                  "amount": {
                    "min": 0.1,
                    "max": 0.4
                  },
                  "operation": "add_value",
                  "slot": "offhand"
                }
              ],
              "conditions": []
            }
          ]
        },
        {
          "type": "minecraft:item",
          "name": "minecraft:structure_block",
          "weight": 5,
          "functions": [
            {
              "function": "minecraft:set_components",
              "components": {
                "minecraft:custom_data": "{netherite_talisman:1b,monk_talisman_blessed:1b}",
                "minecraft:custom_name": "{\"text\":\"Tough Netherite Talisman\",\"italic\":false}",
                "minecraft:lore": [
                  "{\"color\":\"gray\",\"italic\":false,\"text\":\"Enhances it's wearer with minor vigor.\"}"
                ],
                "minecraft:profile": {
                  "id": [
                    1785241254,
                    -1615706128,
                    -2100989059,
                    1105833795
                  ],
                  "properties": [
                    {
                      "name": "textures",
                      "value": "eyJ0ZXh0dXJlcyI6eyJTS0lOIjp7InVybCI6Imh0dHA6Ly90ZXh0dXJlcy5taW5lY3JhZnQubmV0L3RleHR1cmUvNTI4Y2ZkMDY0YmQ0ODY2NmU2YTczOGMxNTJhNWZiYjA0MmJhNzJiNWU5MjkxMmUzZTJmNjk1MWVhOGYyNWQyZSJ9fX0="
                    }
                  ]
                },
                "minecraft:item_model": "minecraft:player_head",
                "rarity": "epic",
                "enchantment_glint_override": true
              }
            },
            {
              "function": "minecraft:set_attributes",
              "modifiers": [
                {
                  "attribute": "minecraft:max_health",
                  "id": "netherite_talisman_max_health",
                  "amount": {
                    "min": 2.5,
                    "max": 5
                  },
                  "operation": "add_value",
                  "slot": "offhand"
                },
                {
                  "attribute": "minecraft:armor",
                  "id": "netherite_talisman_armor",
                  "amount": {
                    "min": 2.5,
                    "max": 5
                  },
                  "operation": "add_value",
                  "slot": "offhand"
                }
              ],
              "conditions": []
            }
          ]
        },
        {
          "type": "minecraft:item",
          "name": "minecraft:structure_block",
          "weight": 5,
          "functions": [
            {
              "function": "minecraft:set_components",
              "components": {
                "minecraft:custom_data": "{netherite_talisman:1b,monk_talisman_blessed:1b}",
                "minecraft:custom_name": "{\"text\":\"Swift Netherite Talisman\",\"italic\":false}",
                "minecraft:lore": [
                  "{\"color\":\"gray\",\"italic\":false,\"text\":\"Enhances it's wearer with minor agility.\"}"
                ],
                "minecraft:profile": {
                  "id": [
                    1785241254,
                    -1615706128,
                    -2100989059,
                    1105833795
                  ],
                  "properties": [
                    {
                      "name": "textures",
                      "value": "eyJ0ZXh0dXJlcyI6eyJTS0lOIjp7InVybCI6Imh0dHA6Ly90ZXh0dXJlcy5taW5lY3JhZnQubmV0L3RleHR1cmUvNTI4Y2ZkMDY0YmQ0ODY2NmU2YTczOGMxNTJhNWZiYjA0MmJhNzJiNWU5MjkxMmUzZTJmNjk1MWVhOGYyNWQyZSJ9fX0="
                    }
                  ]
                },
                "minecraft:item_model": "minecraft:player_head",
                "rarity": "epic",
                "enchantment_glint_override": true
              }
            },
            {
              "function": "minecraft:set_attributes",
              "modifiers": [
                {
                  "attribute": "minecraft:movement_speed",
                  "id": "netherite_talisman_movement_speed",
                  "amount": {
                    "min": 0.025,
                    "max": 0.035
                  },
                  "operation": "add_value",
                  "slot": "offhand"
                },
                {
                  "attribute": "minecraft:jump_strength",
                  "id": "netherite_talisman_jump_strength",
                  "amount": {
                    "min": 0.1,
                    "max": 0.2
                  },
                  "operation": "add_value",
                  "slot": "offhand"
                }
              ],
              "conditions": []
            }
          ]
        },
        {
          "type": "minecraft:item",
          "name": "minecraft:structure_block",
          "weight": 3,
          "functions": [
            {
              "function": "minecraft:set_components",
              "components": {
                "minecraft:custom_data": "{netherite_talisman:1b,monk_talisman_blessed:1b}",
                "minecraft:custom_name": "{\"text\":\"Fast Netherite Talisman\",\"italic\":false}",
                "minecraft:lore": [
                  "{\"color\":\"gray\",\"italic\":false,\"text\":\"Enhances it's wearer with speed.\"}"
                ],
                "minecraft:profile": {
                  "id": [
                    1785241254,
                    -1615706128,
                    -2100989059,
                    1105833795
                  ],
                  "properties": [
                    {
                      "name": "textures",
                      "value": "eyJ0ZXh0dXJlcyI6eyJTS0lOIjp7InVybCI6Imh0dHA6Ly90ZXh0dXJlcy5taW5lY3JhZnQubmV0L3RleHR1cmUvNTI4Y2ZkMDY0YmQ0ODY2NmU2YTczOGMxNTJhNWZiYjA0MmJhNzJiNWU5MjkxMmUzZTJmNjk1MWVhOGYyNWQyZSJ9fX0="
                    }
                  ]
                },
                "minecraft:item_model": "minecraft:player_head",
                "rarity": "epic",
                "enchantment_glint_override": true
              }
            },
            {
              "function": "minecraft:set_attributes",
              "modifiers": [
                {
                  "attribute": "minecraft:movement_speed",
                  "id": "netherite_talisman_movement_speed",
                  "amount": {
                    "min": 0.035,
                    "max": 0.05
                  },
                  "operation": "add_value",
                  "slot": "offhand"
                }
              ],
              "conditions": []
            }
          ]
        },
        {
          "type": "minecraft:item",
          "name": "minecraft:structure_block",
          "weight": 3,
          "functions": [
            {
              "function": "minecraft:set_components",
              "components": {
                "minecraft:custom_data": "{netherite_talisman:1b,monk_talisman_blessed:1b}",
                "minecraft:custom_name": "{\"text\":\"Springy Netherite Talisman\",\"italic\":false}",
                "minecraft:lore": [
                  "{\"color\":\"gray\",\"italic\":false,\"text\":\"Enhances it's wearer with jump strength.\"}"
                ],
                "minecraft:profile": {
                  "id": [
                    1785241254,
                    -1615706128,
                    -2100989059,
                    1105833795
                  ],
                  "properties": [
                    {
                      "name": "textures",
                      "value": "eyJ0ZXh0dXJlcyI6eyJTS0lOIjp7InVybCI6Imh0dHA6Ly90ZXh0dXJlcy5taW5lY3JhZnQubmV0L3RleHR1cmUvNTI4Y2ZkMDY0YmQ0ODY2NmU2YTczOGMxNTJhNWZiYjA0MmJhNzJiNWU5MjkxMmUzZTJmNjk1MWVhOGYyNWQyZSJ9fX0="
                    }
                  ]
                },
                "minecraft:item_model": "minecraft:player_head",
                "rarity": "epic",
                "enchantment_glint_override": true
              }
            },
            {
              "function": "minecraft:set_attributes",
              "modifiers": [
                {
                  "attribute": "minecraft:jump_strength",
                  "id": "netherite_talisman_jump_strength",
                  "amount": {
                    "min": 0.25,
                    "max": 0.4
                  },
                  "operation": "add_value",
                  "slot": "offhand"
                }
              ],
              "conditions": []
            }
          ]
        },
        {
          "type": "minecraft:item",
          "name": "minecraft:structure_block",
          "weight": 2,
          "functions": [
            {
              "function": "minecraft:set_components",
              "components": {
                "minecraft:custom_data": "{netherite_talisman:1b,monk_talisman_blessed:1b}",
                "minecraft:custom_name": "{\"text\":\"Healthy Netherite Talisman\",\"italic\":false}",
                "minecraft:lore": [
                  "{\"color\":\"gray\",\"italic\":false,\"text\":\"Enhances it's wearer with extra health.\"}"
                ],
                "minecraft:profile": {
                  "id": [
                    1785241254,
                    -1615706128,
                    -2100989059,
                    1105833795
                  ],
                  "properties": [
                    {
                      "name": "textures",
                      "value": "eyJ0ZXh0dXJlcyI6eyJTS0lOIjp7InVybCI6Imh0dHA6Ly90ZXh0dXJlcy5taW5lY3JhZnQubmV0L3RleHR1cmUvNTI4Y2ZkMDY0YmQ0ODY2NmU2YTczOGMxNTJhNWZiYjA0MmJhNzJiNWU5MjkxMmUzZTJmNjk1MWVhOGYyNWQyZSJ9fX0="
                    }
                  ]
                },
                "minecraft:item_model": "minecraft:player_head",
                "rarity": "epic",
                "enchantment_glint_override": true
              }
            },
            {
              "function": "minecraft:set_attributes",
              "modifiers": [
                {
                  "attribute": "minecraft:max_health",
                  "id": "netherite_talisman_max_health",
                  "amount": {
                    "min": 4,
                    "max": 6
                  },
                  "operation": "add_value",
                  "slot": "offhand"
                }
              ],
              "conditions": []
            }
          ]
        },
        {
          "type": "minecraft:item",
          "name": "minecraft:structure_block",
          "weight": 2,
          "functions": [
            {
              "function": "minecraft:set_components",
              "components": {
                "minecraft:custom_data": "{netherite_talisman:1b,monk_talisman_blessed:1b}",
                "minecraft:custom_name": "{\"text\":\"Armored Netherite Talisman\",\"italic\":false}",
                "minecraft:lore": [
                  "{\"color\":\"gray\",\"italic\":false,\"text\":\"Enhances it's wearer with extra armor.\"}"
                ],
                "minecraft:profile": {
                  "id": [
                    1785241254,
                    -1615706128,
                    -2100989059,
                    1105833795
                  ],
                  "properties": [
                    {
                      "name": "textures",
                      "value": "eyJ0ZXh0dXJlcyI6eyJTS0lOIjp7InVybCI6Imh0dHA6Ly90ZXh0dXJlcy5taW5lY3JhZnQubmV0L3RleHR1cmUvNTI4Y2ZkMDY0YmQ0ODY2NmU2YTczOGMxNTJhNWZiYjA0MmJhNzJiNWU5MjkxMmUzZTJmNjk1MWVhOGYyNWQyZSJ9fX0="
                    }
                  ]
                },
                "minecraft:item_model": "minecraft:player_head",
                "rarity": "epic",
                "enchantment_glint_override": true
              }
            },
            {
              "function": "minecraft:set_attributes",
              "modifiers": [
                {
                  "attribute": "minecraft:armor",
                  "id": "netherite_talisman_armor",
                  "amount": {
                    "min": 4,
                    "max": 6
                  },
                  "operation": "add_value",
                  "slot": "offhand"
                }
              ],
              "conditions": []
            }
          ]
        },
        {
          "type": "minecraft:item",
          "name": "minecraft:structure_block",
          "weight": 1,
          "functions": [
            {
              "function": "minecraft:set_components",
              "components": {
                "minecraft:custom_data": "{netherite_talisman:1b,monk_talisman_blessed:1b}",
                "minecraft:custom_name": "{\"text\":\"Powerful Netherite Talisman\",\"italic\":false}",
                "minecraft:lore": [
                  "{\"color\":\"gray\",\"italic\":false,\"text\":\"Enhances it's wearer with extra attack damage.\"}"
                ],
                "minecraft:profile": {
                  "id": [
                    1785241254,
                    -1615706128,
                    -2100989059,
                    1105833795
                  ],
                  "properties": [
                    {
                      "name": "textures",
                      "value": "eyJ0ZXh0dXJlcyI6eyJTS0lOIjp7InVybCI6Imh0dHA6Ly90ZXh0dXJlcy5taW5lY3JhZnQubmV0L3RleHR1cmUvNTI4Y2ZkMDY0YmQ0ODY2NmU2YTczOGMxNTJhNWZiYjA0MmJhNzJiNWU5MjkxMmUzZTJmNjk1MWVhOGYyNWQyZSJ9fX0="
                    }
                  ]
                },
                "minecraft:item_model": "minecraft:player_head",
                "rarity": "epic",
                "enchantment_glint_override": true
              }
            },
            {
              "function": "minecraft:set_attributes",
              "modifiers": [
                {
                  "attribute": "minecraft:attack_damage",
                  "id": "netherite_talisman_attack_damage",
                  "amount": {
                    "min": 2.5,
                    "max": 4
                  },
                  "operation": "add_value",
                  "slot": "offhand"
                }
              ],
              "conditions": []
            }
          ]
        },
        {
          "type": "minecraft:item",
          "name": "minecraft:structure_block",
          "weight": 1,
          "functions": [
            {
              "function": "minecraft:set_components",
              "components": {
                "minecraft:custom_data": "{netherite_talisman:1b,monk_talisman_blessed:1b}",
                "minecraft:custom_name": "{\"text\":\"Rapid Netherite Talisman\",\"italic\":false}",
                "minecraft:lore": [
                  "{\"color\":\"gray\",\"italic\":false,\"text\":\"Enhances it's wearer with extra attack speed.\"}"
                ],
                "minecraft:profile": {
                  "id": [
                    1785241254,
                    -1615706128,
                    -2100989059,
                    1105833795
                  ],
                  "properties": [
                    {
                      "name": "textures",
                      "value": "eyJ0ZXh0dXJlcyI6eyJTS0lOIjp7InVybCI6Imh0dHA6Ly90ZXh0dXJlcy5taW5lY3JhZnQubmV0L3RleHR1cmUvNTI4Y2ZkMDY0YmQ0ODY2NmU2YTczOGMxNTJhNWZiYjA0MmJhNzJiNWU5MjkxMmUzZTJmNjk1MWVhOGYyNWQyZSJ9fX0="
                    }
                  ]
                },
                "minecraft:item_model": "minecraft:player_head",
                "rarity": "epic",
                "enchantment_glint_override": true
              }
            },
            {
              "function": "minecraft:set_attributes",
              "modifiers": [
                {
                  "attribute": "minecraft:attack_speed",
                  "id": "netherite_talisman_attack_speed",
                  "amount": {
                    "min": 0.35,
                    "max": 0.5
                  },
                  "operation": "add_value",
                  "slot": "offhand"
                }
              ],
              "conditions": []
            }
          ]
        },
        {
          "type": "minecraft:item",
          "name": "minecraft:structure_block",
          "weight": 5,
          "functions": [
            {
              "function": "minecraft:set_components",
              "components": {
                "minecraft:custom_data": "{netherite_talisman:1b,monk_talisman_blessed:1b}",
                "minecraft:custom_name": "{\"text\":\"Immovable Netherite Talisman\",\"italic\":false}",
                "minecraft:lore": [
                  "{\"color\":\"gray\",\"italic\":false,\"text\":\"Enhances it's wearer with size and knockback resistance.\"}"
                ],
                "minecraft:profile": {
                  "id": [
                    1785241254,
                    -1615706128,
                    -2100989059,
                    1105833795
                  ],
                  "properties": [
                    {
                      "name": "textures",
                      "value": "eyJ0ZXh0dXJlcyI6eyJTS0lOIjp7InVybCI6Imh0dHA6Ly90ZXh0dXJlcy5taW5lY3JhZnQubmV0L3RleHR1cmUvNTI4Y2ZkMDY0YmQ0ODY2NmU2YTczOGMxNTJhNWZiYjA0MmJhNzJiNWU5MjkxMmUzZTJmNjk1MWVhOGYyNWQyZSJ9fX0="
                    }
                  ]
                },
                "minecraft:item_model": "minecraft:player_head",
                "rarity": "epic",
                "enchantment_glint_override": true
              }
            },
            {
              "function": "minecraft:set_attributes",
              "modifiers": [
                {
                  "attribute": "minecraft:scale",
                  "id": "netherite_talisman_scale",
                  "amount": {
                    "min": 0.5,
                    "max": 0.6
                  },
                  "operation": "add_value",
                  "slot": "offhand"
                },
                {
                  "attribute": "minecraft:knockback_resistance",
                  "id": "netherite_talisman_knockback_resistance",
                  "amount": {
                    "min": 0.4,
                    "max": 0.5
                  },
                  "operation": "add_value",
                  "slot": "offhand"
                }
              ],
              "conditions": []
            }
          ]
        },
        {
          "type": "minecraft:item",
          "name": "minecraft:structure_block",
          "weight": 3,
          "functions": [
            {
              "function": "minecraft:set_components",
              "components": {
                "minecraft:custom_data": "{netherite_talisman:1b,monk_talisman_blessed:1b}",
                "minecraft:custom_name": "{\"text\":\"Grasping Netherite Talisman\",\"italic\":false}",
                "minecraft:lore": [
                  "{\"color\":\"gray\",\"italic\":false,\"text\":\"Enhances it's wearer with extra reach.\"}"
                ],
                "minecraft:profile": {
                  "id": [
                    1785241254,
                    -1615706128,
                    -2100989059,
                    1105833795
                  ],
                  "properties": [
                    {
                      "name": "textures",
                      "value": "eyJ0ZXh0dXJlcyI6eyJTS0lOIjp7InVybCI6Imh0dHA6Ly90ZXh0dXJlcy5taW5lY3JhZnQubmV0L3RleHR1cmUvNTI4Y2ZkMDY0YmQ0ODY2NmU2YTczOGMxNTJhNWZiYjA0MmJhNzJiNWU5MjkxMmUzZTJmNjk1MWVhOGYyNWQyZSJ9fX0="
                    }
                  ]
                },
                "minecraft:item_model": "minecraft:player_head",
                "rarity": "epic",
                "enchantment_glint_override": true
              }
            },
            {
              "function": "minecraft:set_attributes",
              "modifiers": [
                {
                  "attribute": "minecraft:entity_interaction_range",
                  "id": "netherite_talisman_entity_interaction_range",
                  "amount": {
                    "min": 0.4,
                    "max": 0.8
                  },
                  "operation": "add_value",
                  "slot": "offhand"
                },
                {
                  "attribute": "minecraft:block_interaction_range",
                  "id": "netherite_talisman_block_interaction_range",
                  "amount": {
                    "min": 0.4,
                    "max": 1.5
                  },
                  "operation": "add_value",
                  "slot": "offhand"
                }
              ],
              "conditions": []
            }
          ]
        },
        {
          "type": "minecraft:item",
          "name": "minecraft:structure_block",
          "weight": 3,
          "functions": [
            {
              "function": "minecraft:set_components",
              "components": {
                "minecraft:custom_data": "{netherite_talisman:1b,monk_talisman_blessed:1b}",
                "minecraft:custom_name": "{\"text\":\"Aeroamphibious Netherite Talisman\",\"italic\":false}",
                "minecraft:lore": [
                  "{\"color\":\"gray\",\"italic\":false,\"text\":\"Enhances it's wearer with increased breath and safe fall distance.\"}"
                ],
                "minecraft:profile": {
                  "id": [
                    1785241254,
                    -1615706128,
                    -2100989059,
                    1105833795
                  ],
                  "properties": [
                    {
                      "name": "textures",
                      "value": "eyJ0ZXh0dXJlcyI6eyJTS0lOIjp7InVybCI6Imh0dHA6Ly90ZXh0dXJlcy5taW5lY3JhZnQubmV0L3RleHR1cmUvNTI4Y2ZkMDY0YmQ0ODY2NmU2YTczOGMxNTJhNWZiYjA0MmJhNzJiNWU5MjkxMmUzZTJmNjk1MWVhOGYyNWQyZSJ9fX0="
                    }
                  ]
                },
                "minecraft:item_model": "minecraft:player_head",
                "rarity": "epic",
                "enchantment_glint_override": true
              }
            },
            {
              "function": "minecraft:set_attributes",
              "modifiers": [
                {
                  "attribute": "minecraft:oxygen_bonus",
                  "id": "netherite_talisman_oxygen_bonus",
                  "amount": {
                    "min": 7,
                    "max": 16
                  },
                  "operation": "add_value",
                  "slot": "offhand"
                },
                {
                  "attribute": "minecraft:safe_fall_distance",
                  "id": "netherite_talisman_safe_fall_distance",
                  "amount": {
                    "min": 2.5,
                    "max": 5.5
                  },
                  "operation": "add_value",
                  "slot": "offhand"
                }
              ],
              "conditions": []
            }
          ]
        }
      ]
    }
  ]
}