{
    "anvil_cost": 99999,
    "description": {
      "text": "Enchantment That Makes You Invulnerable to Damage That Bypasses Cooldown"
    },
    "effects": {
      "minecraft:damage_immunity": [
        {
          "requirements": {
            "condition": "minecraft:damage_source_properties",
            "predicate": {
              "tags": [
                {
                  "id": "bypasses_cooldown",
                  "expected": true
                }
              ]
            }
          },
          "effect": {}
        }
      ]
    },
    "exclusive_set": "#minecraft:exclusive_set/armor",
    "max_cost": {
      "base": 13,
      "per_level_above_first": 8
    },
    "max_level": 1,
    "min_cost": {
      "base": 5,
      "per_level_above_first": 8
    },
    "slots": [
      "armor"
    ],
    "supported_items": "#minecraft:enchantable/armor",
    "weight": 1
  }