{
  "anvil_cost": 4,
  "exclusive_set": [
    "minecraft:fire_aspect",
    "kiwi:frost_aspect"
  ],
  "description": "Frostfire",
  "effects": {
    "minecraft:post_attack": [
      {
        "affected": "victim",
        "effect": {
          "type": "minecraft:apply_mob_effect",
          "to_apply": [
            "minecraft:slowness",
            "minecraft:weakness",
            "minecraft:hunger",
            "minecraft:wither"
          ],
          "min_duration": 3,
          "max_duration": 8,
          "min_amplifier": 1,
          "max_amplifier": 2
        },
        "enchanted": "attacker",
        "requirements": {
          "condition": "minecraft:damage_source_properties",
          "predicate": {
            "is_direct": true
          }
        }
      },
      {
        "effect": {
          "type": "minecraft:play_sound",
          "sound": "minecraft:block.amethyst_block.break",
          "volume": 0.8,
          "pitch": 0.1
        },
        "enchanted": "attacker",
        "affected": "attacker"
      },
      {
        "effect": {
          "type": "minecraft:play_sound",
          "sound": "minecraft:block.powder_snow.break",
          "volume": 1,
          "pitch": 2
        },
        "enchanted": "attacker",
        "affected": "attacker"
      },
      {
        "effect": {
          "type": "minecraft:run_function",
          "function": "kiwi:enchantment_function/tier_1/frostfire"
        },
        "enchanted": "attacker",
        "affected": "victim"
      },
      {
        "effect": {
          "type": "minecraft:ignite",
          "duration": 5
        },
        "enchanted": "attacker",
        "affected": "victim"
      },
      {
        "effect": {
          "type": "minecraft:play_sound",
          "sound": "minecraft:block.lava.extinguish",
          "volume": 0.3,
          "pitch": 0.6
        },
        "enchanted": "attacker",
        "affected": "attacker"
      },
      {
        "effect": {
          "type": "minecraft:damage_entity",
          "damage_type": "kiwi:frostfire_damage_fire",
          "min_damage": {
            "type": "minecraft:linear",
            "base": 1.5,
            "per_level_above_first": 0.5
          },
          "max_damage": {
            "type": "minecraft:linear",
            "base": 2,
            "per_level_above_first": 0
          }
        },
        "enchanted": "attacker",
        "affected": "victim"
      },
      {
        "effect": {
          "type": "minecraft:damage_entity",
          "damage_type": "kiwi:frostfire_damage_frost",
          "min_damage": {
            "type": "minecraft:linear",
            "base": 1.5,
            "per_level_above_first": 0.5
          },
          "max_damage": {
            "type": "minecraft:linear",
            "base": 2,
            "per_level_above_first": 0
          }
        },
        "enchanted": "attacker",
        "affected": "victim"
      }
    ]
  },
  "max_cost": {
    "base": 60,
    "per_level_above_first": 20
  },
  "max_level": 2,
  "min_cost": {
    "base": 10,
    "per_level_above_first": 20
  },
  "primary_items": "#minecraft:enchantable/sword",
  "slots": [
    "mainhand"
  ],
  "supported_items": "#minecraft:enchantable/fire_aspect",
  "weight": 2
}