{
  "anvil_cost": 1,
  "description": "[Boots] Heavy",
  "exclusive_set": "kiwi:lightweight_boots",
  "effects": {
    "minecraft:attributes": [
      {
        "attribute": "minecraft:armor",
        "id": "heavy_boots_armor_attribute",
        "amount": {
          "type": "minecraft:linear",
          "base": 0.3,
          "per_level_above_first": 0.3
        },
        "operation": "add_value"
      },
      {
        "attribute": "minecraft:movement_speed",
        "id": "heavy_boots_movement_speed_attribute",
        "amount": {
          "type": "minecraft:linear",
          "base": -0.005,
          "per_level_above_first": -0.005
        },
        "operation": "add_value"
      }
    ]
  },
  "max_cost": {
    "base": 30,
    "per_level_above_first": 10
  },
  "max_level": 4,
  "min_cost": {
    "base": 5,
    "per_level_above_first": 10
  },
  "slots": [
    "feet"
  ],
  "supported_items": "#minecraft:enchantable/foot_armor",
  "weight": 5
}