{
  "exclusive_set": [],
  "anvil_cost": 1,
  "description": [{
    "text": "[HUNTER]",
    "color": "dark_red"
  },{
    "text": " Precision",
    "color": "gray"
  }],
  "effects": {
    "minecraft:damage": [
      {
        "requirements": [
          {
            "condition": "minecraft:entity_properties",
            "entity": "direct_attacker",
            "predicate": {
              "type": "#minecraft:arrows"
            }
          },
          {
            "condition": "minecraft:entity_scores",
            "entity": "attacker",
            "scores": {
              "limitbreak_chosen_class": 3
            }
          }
        ],
        "effect": {
          "type": "minecraft:add",
          "value": {
            "type": "minecraft:linear",
            "base": 2,
            "per_level_above_first": 0
          }
        }
      }
    ]
  },
  "max_cost": {
    "base": 16,
    "per_level_above_first": 10
  },
  "max_level": 1,
  "min_cost": {
    "base": 1,
    "per_level_above_first": 10
  },
  "slots": [
    "mainhand"
  ],
  "supported_items": [
    "minecraft:bow",
    "minecraft:crossbow"
  ],
  "weight": 10
}