{
  "anvil_cost": 4,
  "description": "Invoke",
  "effects": {
    "minecraft:hit_block": [
      {
        "effect": {
          "type": "minecraft:summon_entity",
          "entity": "minecraft:evoker_fangs",
          "join_team": true
        }
      },
      {
        "effect": {
          "type": "minecraft:change_item_damage",
          "amount": 1
        }
      }
    ]
  },
  "max_cost": {
    "base": 60,
    "per_level_above_first": 20
  },
  "max_level": 1,
  "min_cost": {
    "base": 20,
    "per_level_above_first": 20
  },
  "primary_items": "#minecraft:hoes",
  "slots": [
    "mainhand"
  ],
  "supported_items": "#minecraft:hoes",
  "weight": 2
}