{
  "anvil_cost": 4,
  "description": "",
  "effects": {
    "minecraft:item_damage": [
      {
        "effect": {
          "type": "minecraft:add",
          "value": {
            "type": "minecraft:linear",
            "base": -1.1,
            "per_level_above_first": 0
          }
        }
      }
    ]
  },
  "max_cost": {
    "base": 100,
    "per_level_above_first": 0
  },
  "max_level": 1,
  "min_cost": {
    "base": 100,
    "per_level_above_first": 0
  },
  "slots": [
    "any"
  ],
  "supported_items": "#minecraft:enchantable/durability",
  "weight": 2
}