{
  "anvil_cost": 4,
  "description": "Lifesteel",
  "effects": {
    "minecraft:item_damage": [
      {
        "effect": {
          "type": "minecraft:add",
          "value": {
            "type": "minecraft:linear",
            "base": -1.5,
            "per_level_above_first": -1.5
          }
        }
      }
    ]
  },
  "max_cost": {
    "base": 75,
    "per_level_above_first": 25
  },
  "max_level": 10,
  "min_cost": {
    "base": 25,
    "per_level_above_first": 25
  },
  "slots": [
    "any"
  ],
  "supported_items": "#minecraft:enchantable/durability",
  "weight": 2
}