{
  "anvil_cost": 1,
  "description": "",
  "effects": {
    "minecraft:post_attack": [
      {
        "effect": {
          "type": "minecraft:apply_mob_effect",
          "to_apply": "minecraft:poison",
          "min_duration": 8,
          "max_duration": {
            "type": "minecraft:linear",
            "base": 10,
            "per_level_above_first": 0
          },
          "min_amplifier": 0,
          "max_amplifier": {
            "type": "minecraft:linear",
            "base": 4,
            "per_level_above_first": 0
          }
        },
        "enchanted": "attacker",
        "affected": "victim"
      },
      {
        "effect": {
          "type": "minecraft:run_function",
          "function": "kiwi:enchantment_function/pestilent_reaper_fx"
        },
        "enchanted": "attacker",
        "affected": "victim"
      }
    ]
  },
  "max_cost": {
    "base": 25,
    "per_level_above_first": 10
  },
  "max_level": 1,
  "min_cost": {
    "base": 5,
    "per_level_above_first": 10
  },
  "slots": [
    "mainhand"
  ],
  "supported_items": "#minecraft:enchantable/weapon",
  "weight": 8
}