{
    "anvil_cost": 5,
    "description": "Reaper",
    "effects": {
      "minecraft:post_attack": [
        {
          "effect": {
            "type": "minecraft:damage_entity",
            "damage_type": "minecraft:drown",
            "min_damage": -2,
            "max_damage": -2
          },
          "enchanted": "attacker",
          "affected": "attacker"
        }
      ]
    },
    "max_cost": {
      "base": 100,
      "per_level_above_first": 10
    },
    "max_level": 5,
    "min_cost": {
      "base": 20,
      "per_level_above_first": 10
    },
    "slots": [
      "mainhand"
    ],
    "supported_items": "#minecraft:hoes",
    "weight": 1
  }