{
  "anvil_cost": 1,
  "description": {
    "text": "[Crush]",
    "color": "#faab00"
  },
  "effects": {
    "minecraft:post_attack": [
      {
        "requirements": {
          "condition": "minecraft:entity_properties",
          "entity": "attacker",
          "predicate": {
            "flags": {
              "is_sneaking": true
            }
          }
        },
        "effect": {
          "type": "minecraft:all_of",
          "effects": [
            {
              "type": "minecraft:damage_entity",
              "damage_type": "minecraft:player_attack",
              "min_damage": 8,
              "max_damage": 10
            },
            {
              "type": "minecraft:run_function",
              "function": "kiwi:enchantment_function/crush"
            }
          ]
        },
        "enchanted": "attacker",
        "affected": "victim"
      }
    ]
  },
  "max_cost": {
    "base": 60,
    "per_level_above_first": 20
  },
  "max_level": 1,
  "min_cost": {
    "base": 10,
    "per_level_above_first": 20
  },
  "primary_items": "#minecraft:enchantable/mace",
  "slots": [
    "mainhand"
  ],
  "supported_items": "#minecraft:enchantable/mace",
  "weight": 2
}