{
  "anvil_cost": 1,
  "description": {
    "text": "✪",
    "color": "#d6ba00",
    "bold": true
  },
  "effects": {
    "minecraft:attributes": [
      {
        "attribute": "minecraft:armor",
        "id": "starred_armor_attribute",
        "amount": {
          "type": "minecraft:linear",
          "base": 0.05,
          "per_level_above_first": 0.05
        },
        "operation": "add_multiplied_base"
      }
    ]
  },
  "max_cost": {
    "base": 16,
    "per_level_above_first": 10
  },
  "max_level": 5,
  "min_cost": {
    "base": 1,
    "per_level_above_first": 10
  },
  "slots": [
    "armor"
  ],
  "supported_items": "#minecraft:enchantable/armor",
  "weight": 10
}