{
    "anvil_cost": 4,
    "description": "Thousand Arrows",
    "effects": {
      "minecraft:projectile_count": [
        {
          "effect": {
            "type": "minecraft:add",
            "value": {
              "type": "minecraft:linear",
              "base": 2,
              "per_level_above_first": 2
            }
          }
        }
      ],
      "minecraft:projectile_spread": [
        {
          "effect": {
            "type": "minecraft:add",
            "value": {
              "type": "minecraft:clamped",
              "value": 5,
              "min": 10,
              "max": 20
            }
          }
        }
      ]
    },
    "exclusive_set": "#minecraft:exclusive_set/crossbow",
    "max_cost": {
      "base": 50,
      "per_level_above_first": 0
    },
    "max_level": 3,
    "min_cost": {
      "base": 20,
      "per_level_above_first": 0
    },
    "slots": [
      "mainhand"
    ],
    "supported_items": "#minecraft:enchantable/crossbow",
    "weight": 2
  }